date,close,ma20,ma60,ma120,ret20,ret60,ret120,dd60,dd120,rsi14
2024-03-06,1.0,,,,,,,,,
2024-03-08,1.000100016593933,,,,,,,,,
2024-03-14,0.9958999752998352,,,,,,,,,
2024-03-15,0.9929999709129333,,,,,,,,,
2024-03-18,0.9909999966621399,,,,,,,,,
2024-03-19,0.9900000095367432,,,,,,,,,
2024-03-20,0.9929999709129333,,,,,,,,,
2024-03-21,0.9950000047683716,,,,,,,,,
2024-03-22,0.9919999837875366,,,,,,,,,
2024-03-25,0.9940000176429749,,,,,,,,,
2024-03-26,0.9919999837875366,,,,,,,,,
2024-03-27,0.9900000095367432,,,,,,,,,
2024-03-28,0.9879999756813049,,,,,,,,,
2024-03-29,0.996999979019165,,,,,,,,,
2024-04-01,0.9980000257492065,,,,,,,,,47.23761727407143
2024-04-02,1.0019999742507935,,,,,,,,,52.36901874048706
2024-04-03,1.0099999904632568,,,,,,,,,66.05921623416033
2024-04-08,1.0099999904632568,,,,,,,,,70.73169667973606
2024-04-09,1.0080000162124634,,,,,,,,,70.73169667973606
2024-04-10,1.0089999437332153,0.9973999917507171,,,,,,,,73.17064660849643
2024-04-11,1.0180000066757202,0.9982999920845032,,,0.018000006675720215,,,,,76.59572039653483
2024-04-12,1.0160000324249268,0.9990949928760529,,,0.01589842572460376,,,,,72.34043092843646
2024-04-15,1.034999966621399,1.001049992442131,,,0.03926096223648545,,,,,84.12699013400646
2024-04-16,1.031000018119812,1.002949994802475,,,0.0382679237864858,,,,,78.46159207055003
2024-04-17,1.0479999780654907,1.0057999938726425,,,0.05751764035856377,,,,,85.00008195658685
2024-04-18,1.0520000457763672,1.0088999956846236,,,0.06262629862865965,,,,,87.80494719167278
2024-04-19,1.055999994277954,1.0120499968528747,,,0.0634441341494707,,,,,90.47629184486011
2024-04-22,1.0329999923706055,1.0139499962329865,,,0.038190942130779115,,,,,68.36738914122921
2024-04-23,1.0169999599456787,1.0151999950408936,,,0.025201589280969605,,,,,58.407065642238564
2024-04-24,1.0199999809265137,1.0164999932050705,,,0.02615690424753847,,,,,58.03572664000775
2024-04-25,1.0240000486373901,1.0180999964475632,,,0.03225813041616665,,,,,56.481513164357715
2024-04-26,1.0180000066757202,1.019499996304512,,,0.028282825120455657,,,,,53.50878018531822
2024-04-29,1.0169999599456787,1.0209499955177308,,,0.02935221151637779,,,,,53.98227474462319
2024-04-30,1.0190000534057617,1.0220499992370606,,,0.02206627367057723,,,,,54.386005272387514
2024-05-06,1.027999997138977,1.023549997806549,,,0.03006009079734162,,,,,54.38595757407179
2024-05-07,1.027999997138977,1.0248499989509583,,,0.02594812730172391,,,,,55.357121949921506
2024-05-08,1.0299999713897705,1.025849997997284,,,0.019801961500356402,,,,,47.36842765701408
2024-05-09,1.0360000133514404,1.027149999141693,,,0.025742597162063507,,,,,52.577310718854804
2024-05-10,1.0429999828338623,1.028899997472763,,,0.034722188550066146,,,,,47.126447806349866
2024-05-13,1.0449999570846558,1.030699998140335,,,0.03567890521206918,,,,,45.8823083924587
2024-05-14,1.0420000553131104,1.0319000005722045,,,0.023575686129671425,,,,,41.666713971877996
2024-05-15,1.0399999618530273,1.0330999970436097,,,0.023621977029684826,,,,,55.55551350655838
2024-05-16,1.0429999828338623,1.0334999978542327,,,0.0077294845125244205,,,,,75.99992370634573
2024-05-17,1.0549999475479126,1.0346999943256379,,,0.023278301654997113,,,,,79.66092106140476
2024-05-20,1.065000057220459,1.0355499982833862,,,0.016221449914864294,,,,,81.53838253606989
2024-05-21,1.065000057220459,1.0361999988555908,,,0.012357424789366744,,,,,89.83046053070238
2024-05-22,1.065999984741211,1.0366999983787537,,,0.009469687990002695,,,,,91.52543400252158
2024-05-23,1.0520000457763672,1.0376500010490417,,,0.018393081845198278,,,,,73.23947682130324
2024-05-24,1.0499999523162842,1.039300000667572,,,0.03244837135723011,,,,,67.1874621650266
2024-05-27,1.065999984741211,1.0416000008583068,,,0.04509804379889637,,,,,73.74997951091436
2024-05-28,1.059999942779541,1.0433999955654145,,,0.03515614495336683,,,,,67.85710230981886
2024-05-29,1.0640000104904175,1.0456999957561492,,,0.045186643922439984,,,,,67.07314059258547
2024-05-30,1.0570000410079956,1.047699999809265,,,0.03933144802134847,,,,,58.53660664052789
2024-05-31,1.055999994277954,1.0495499968528748,,,0.036310048020634644,,,,,56.79012890758949
2024-06-03,1.0470000505447388,1.0504999995231628,,,0.018482542274942393,,,,,52.87355219365014
2024-06-04,1.0529999732971191,1.0517499983310699,,,0.024319043023073306,,,,,57.142857142857146
2024-06-05,1.0399999618530273,1.0522499978542328,,,0.009708728874782357,,,,,48.5148421363234
2024-06-06,1.0440000295639038,1.0526499986648559,,,0.00772202327158622,,,,,44.08607663733013
2024-06-07,1.0509999990463257,1.0530499994754792,,,0.007670197837134296,,,,,42.222192787840655
2024-06-11,1.034999966621399,1.0525499999523162,1.0268833299477895,,-0.009569369257348859,,,-0.029080692836349176,,35.84902265312479
2024-06-12,1.0440000295639038,1.0526499986648559,1.0276166637738546,,0.0019193609833279002,0.04400002956390381,,-0.020637856934536458,,40.35091388398865
2024-06-13,1.034000039100647,1.052350002527237,1.0281816641489665,,-0.005769156704284795,0.033896632281007255,,-0.030018711161926004,,41.818197581357445
2024-06-14,1.0360000133514404,1.052000004053116,1.0288499981164931,,-0.006711380247009013,0.04026512606301891,,-0.028142562682168748,,43.636399103547234
2024-06-17,1.0240000486373901,1.0504500091075897,1.0293666660785674,,-0.029383791897406364,0.0312186088947779,,-0.03939956538931566,,30.188721683593997
2024-06-18,1.024999976158142,1.0484500050544738,1.029933332403501,,-0.037558759542899,0.034308758436448095,,-0.03846154706373872,,32.673275506964316
2024-06-19,1.0210000276565552,1.0462500035762787,1.0304499993721643,,-0.041314579530389306,0.031313149314329936,,-0.04221384402325323,,28.712844409193053
2024-06-20,1.0210000276565552,1.044000005722046,1.0309166669845582,,-0.04221384402325323,0.02819743964129162,,-0.04221384402325323,,30.851028752308096
2024-06-21,1.0199999809265137,1.0424000024795532,1.0313333332538606,,-0.030418311271305787,0.02512560405862696,,-0.04315197417743355,,30.851028752308096
2024-06-24,1.0089999437332153,1.0403500020503997,1.0316166659196218,,-0.03904762899524272,0.017137056676927998,,-0.05347095855900341,,30.20826865812498
2024-06-25,1.0119999647140503,1.0376500010490417,1.0319166650374731,,-0.05065667992506584,0.018108598341635807,,-0.05065667992506584,,27.956997517115497
2024-06-26,1.0149999856948853,1.035400003194809,1.0322999984025956,,-0.04245279199417362,0.023185486172623504,,-0.04784240129112838,,34.93978499256738
2024-06-27,1.0080000162124634,1.0326000034809113,1.0325999985138574,,-0.05263157305058919,0.018181824749823106,,-0.05440897688458035,,29.069751323778107
2024-06-28,1.0169999599456787,1.0305999994277955,1.0330833315849304,,-0.0378430269729898,0.02935221151637779,,-0.04596625281137112,,30.6817827761424
2024-07-01,1.0329999923706055,1.029449999332428,1.0336833318074545,,-0.02178030495452321,0.036108339126402766,,-0.03095684131610632,,48.86365021803124
2024-07-02,1.0329999923706055,1.0287499964237212,1.0342666645844778,,-0.013371592644001562,0.035070105930232076,,-0.03095684131610632,,43.037940301705596
2024-07-03,1.027999997138977,1.0274999976158141,1.0346999982992808,,-0.023741668368578384,0.02594812730172391,,-0.03564726842980115,,45.945911114834175
2024-07-04,1.0219999551773071,1.026599997282028,1.0348999977111817,,-0.017307699361496676,0.011881153294413638,,-0.041275825697676294,,41.025597919032386
2024-07-05,1.0180000066757202,1.025299996137619,1.0350333313147226,,-0.024904235777698402,0.007920808205942764,,-0.045028122657190806,,45.71425165445622
2024-07-08,1.0119999647140503,1.0233499944210052,1.0350999971230825,,-0.03710754935077443,0.003968202814734756,,-0.05065667992506584,,41.33333121405842
2024-07-09,1.0199999809265137,1.022599995136261,1.035283331076304,,-0.014492740269210325,0.010901920522016217,,-0.04315197417743355,,49.367059956149156
2024-07-10,1.0049999952316284,1.0206499934196471,1.0350666642189026,,-0.03735635366654766,-0.012770148682555882,,-0.057223255518517924,,41.48935360734531
2024-07-11,1.0069999694824219,1.019299989938736,1.0349166631698608,,-0.026112252028258398,-0.00885832938511244,,-0.05534710703876067,,43.15789077420764
2024-07-12,1.0069999694824219,1.0178499877452851,1.034449996550878,,-0.027992319976139712,-0.027053138204804816,,-0.05534710703876067,,48.80953901479189
2024-07-15,1.0130000114440918,1.0172999858856202,1.034149996439616,,-0.010742223311352217,-0.01745878405370549,,-0.04971854977088552,,50.57473941812172
2024-07-16,1.0110000371932983,1.016599988937378,1.0335333307584127,,-0.013658477356572885,-0.03530528783072184,,-0.05159469825064278,,47.67444761719941
2024-07-17,1.003000020980835,1.015699988603592,1.0327166636784872,,-0.017629780791519334,-0.04657796831118066,,-0.05909940399827518,,47.126439931543736
2024-07-18,1.003000020980835,1.014799988269806,1.031833330790202,,-0.017629780791519334,-0.0501893689245313,,-0.05909940399827518,,41.0256880509604
2024-07-19,0.9980000257492065,1.0136999905109405,1.0312499980131784,,-0.02156858391048555,-0.03388186532419846,,-0.06378983111197001,,23.880634193122518
2024-07-22,0.9900000095367432,1.0127499938011169,1.0307999988396963,,-0.018830461106047247,-0.026548624849874858,,-0.0712945368596023,,21.3333630031821
2024-07-23,0.9769999980926514,1.010999995470047,1.0300833324591319,,-0.03458494846023885,-0.042156846703863105,,-0.08348966972092953,,19.27713265972956
2024-07-24,0.9760000109672546,1.0090499967336655,1.0292833318312964,,-0.03842362096284224,-0.046875034560797,,-0.0844277439608081,,20.512859700616602
2024-07-25,0.972000002861023,1.0072499960660934,1.0285166651010513,,-0.035714298385340904,-0.045186643922439984,,-0.08818009683462424,,20.51284402548019
2024-07-26,0.972000002861023,1.0049999982118607,1.0277666658163072,,-0.04424774715532864,-0.04424774715532864,,-0.08818009683462424,,22.22225901519917
2024-07-29,0.9729999899864197,1.0019999980926513,1.0269999980926514,,-0.05808325539915382,-0.04514235623992158,,-0.08724202259474567,,13.846159489197348
2024-07-30,0.9670000076293945,0.9986999988555908,1.0259833316008249,,-0.0638915636289108,-0.05933851136123669,,-0.09287052394831907,,16.07143617406261
2024-07-31,0.984000027179718,0.9965000003576279,1.0252499987681707,,-0.04280152731684361,-0.04280152731684361,,-0.0769230382131757,,33.80286656206478
2024-08-01,0.9789999723434448,0.9943500012159348,1.0243999987840653,,-0.04207434904084928,-0.04951456355626094,,-0.08161352124117227,,31.57897213486318
2024-08-02,0.9819999933242798,0.9925500005483627,1.0234999984502793,,-0.035363470643775874,-0.05212357078304619,,-0.0787992426072347,,28.767132235629177
2024-08-05,0.968999981880188,0.9904000014066696,1.0222666651010512,,-0.042490103096013754,-0.0709491871252137,,-0.09099437546856182,,25.0
2024-08-06,0.9639999866485596,0.987600001692772,1.0209166655937831,,-0.05490195620110372,-0.0775119366148781,,-0.09568480258225665,,25.925931376733317
2024-08-07,0.9649999737739563,0.9856000006198883,1.0196333309014638,,-0.03980101656463497,-0.07389642749684533,,-0.09474672834237807,,26.829261201119692
2024-08-08,0.9700000286102295,0.9837500035762787,1.0184666653474173,,-0.03674274279393441,-0.06730763058690403,,-0.0900562453143815,,32.92685940741451
2024-08-09,0.9700000286102295,0.9819000065326691,1.0172499994436899,,-0.03674274279393441,-0.0699903695350883,,-0.0900562453143815,,36.486521317486044
2024-08-12,0.972000002861023,0.9798500061035156,1.0158666670322418,,-0.04047384809465193,-0.0786729372639331,,-0.08818009683462424,,46.031755042262475
2024-08-13,0.9739999771118164,0.9780000030994416,1.0143499990304312,,-0.036597486370228194,-0.08544608001819598,,-0.0863039483548671,,48.437475261771205
2024-08-14,0.9679999947547913,0.9762500017881394,1.01273333132267,,-0.034895339475483844,-0.09107986596623097,,-0.0919324497084405,,46.96969286469665
2024-08-15,0.9750000238418579,0.9748500019311905,1.0112166653076808,,-0.027916247809841366,-0.08536581820068667,,-0.08536581820068667,,52.054806823990106
2024-08-16,0.9769999980926514,0.9738000005483627,1.0099666645129521,,-0.021042111337412295,-0.07129281788991404,,-0.08348966972092953,,52.702705968111545
2024-08-19,0.984000027179718,0.9735000014305115,1.008866665760676,,-0.006060588181037274,-0.06285707441316668,,-0.0769230382131757,,61.333330154423486
2024-08-20,0.9789999723434448,0.9736000001430511,1.0074166655540466,,0.0020470565554737696,-0.08161352124117227,,-0.07988725310988909,,46.03171149146568
2024-08-21,0.9639999866485596,0.9729999989271164,1.0058166662851968,,-0.012295106745749518,-0.09056600123887704,,-0.09398498388713927,,39.72604753016564
2024-08-22,0.9629999995231628,0.9725499987602234,1.004133332769076,,-0.00925926266601762,-0.09492482140174219,,-0.08893097241055048,,36.619730133824945
2024-08-23,0.9629999995231628,0.9720999985933304,1.0025666654109955,,-0.00925926266601762,-0.08893097241055048,,-0.08806817732833472,,44.82760392527225
2024-08-26,0.9639999866485596,0.9716499984264374,1.0010333319505056,,-0.00924974658836919,-0.08712121981809295,,-0.08452040731766186,,50.0
2024-08-27,0.9639999866485596,0.9714999973773957,0.9996499975522359,,-0.00310240016252894,-0.07927417372424717,,-0.08452040731766186,,49.056616505078196
2024-08-28,0.9589999914169312,0.9702499955892563,0.9980833311875661,,-0.025406539707565345,-0.0892687409913775,,-0.08753568764307806,,39.62260119299319
2024-08-29,0.9470000267028809,0.9686499983072281,0.996533332268397,,-0.03268636010679882,-0.08942301784746531,,-0.09895335151076512,,32.30767396778411
2024-08-30,0.9509999752044678,0.9670999974012375,0.9949833313624065,,-0.031568246772457065,-0.0890805093159659,,-0.09514750136308048,,34.32831704730657
2024-09-02,0.9520000219345093,0.9662499994039535,0.9933333317438762,,-0.01754381864145449,-0.09419598211384272,,-0.08812261017638523,,33.333363436696246
2024-09-03,0.9459999799728394,0.9653499990701675,0.9918499986330668,1.0093666642904282,-0.018672206353756327,-0.08599032803748452,,-0.09386977664358942,-0.11257036255727859,33.33333333333333
2024-09-04,0.9449999928474426,0.9643500000238419,0.9901999980211258,1.0089083308974902,-0.02072536939902392,-0.09482761869060019,-0.05500000715255737,-0.08783785649733189,-0.11350843679715727,24.999975164732334
2024-09-05,0.9449999928474426,0.9630999982357025,0.9887166639169057,1.008449164032936,-0.025773231984957512,-0.08607354244455823,-0.05509451338091775,-0.08783785649733189,-0.11350843679715727,22.41380196263613
2024-09-06,0.9380000233650208,0.9614999979734421,0.9870833307504654,1.0079666644334793,-0.03298969515604744,-0.09459458370988971,-0.058138320484828365,-0.09196512072335228,-0.12007501239060925,10.344802780455424
2024-09-09,0.9200000166893005,0.958899998664856,0.9853499968846638,1.0073583314816157,-0.053497928002740336,-0.10156252637534513,-0.07351455826984454,-0.10939010311315123,-0.1369605723656312,8.450688854170778
2024-09-10,0.9200000166893005,0.9562000006437301,0.9835999975601832,1.006766664981842,-0.05544143910828514,-0.10243898723041689,-0.07164478326133161,-0.10939010311315123,-0.1369605723656312,10.714266707680395
2024-09-11,0.9010000228881836,0.9528500020503998,0.9815999974807104,1.0060249984264373,-0.06921484734468386,-0.1175318330243349,-0.08989897554668291,-0.1277831272578217,-0.15478420658053182,8.10809069256625
2024-09-12,0.902999997138977,0.9492500007152558,0.9796333303054173,1.0052749986449878,-0.07384617942794947,-0.1155729944380286,-0.09063441733156663,-0.12584704374807854,-0.15290805810077457,10.526270384222954
2024-09-13,0.8999999761581421,0.9453999996185303,0.9776333302259446,1.0044833317399025,-0.07881271451876415,-0.11764706569834438,-0.0954774152311133,-0.12875122671322103,-0.15572233673471214,8.97432566470684
2024-09-18,0.9079999923706055,0.9415999978780747,0.9759499977032343,1.003783331811428,-0.07723580559945642,-0.10009906540620661,-0.08467741208645219,-0.12100677727319309,-0.14821763098707974,17.44185079426687
2024-09-19,0.9120000004768372,0.9382499992847443,0.9742833316326142,1.0030999983350435,-0.06843715399320083,-0.09881419735569752,-0.08249498562442725,-0.11713455255317906,-0.1444652781132636,22.352939526514604
2024-09-20,0.9139999747276306,0.9357499986886978,0.9725999981164932,1.0024499982595443,-0.05186723300148466,-0.09950740137016689,-0.07862904267608517,-0.115198469043436,-0.14258912963350634,27.999961853021276
2024-09-23,0.9200000166893005,0.9335999995470047,0.9711333314577738,1.0018666649858157,-0.04465211096069999,-0.08730158542439392,-0.07070706280113892,-0.10939010311315123,-0.1369605723656312,29.870178124808888
2024-09-24,0.9610000252723694,0.933500000834465,0.9701999992132186,1.0016416653990745,-0.002076816460834685,-0.055063851404970054,-0.027327885701937338,-0.06969987185866788,-0.09849902530189247,53.846153846153854
2024-09-25,0.9739999771118164,0.9340000003576279,0.9692166656255722,1.0014499987165133,0.010373434234187906,-0.05711521364428229,-0.023069210021424147,-0.05711521364428229,-0.0863039483548671,61.29032568182451
2024-09-26,1.0080000162124634,0.9362000018358231,0.9687999993562698,1.0015333319703739,0.045643184827081074,-0.024201332374427453,0.010020030265780466,-0.019455234418458756,-0.05440897688458035,70.0637010382977
2024-09-27,1.0299999713897705,0.939750000834465,0.9688333322604498,1.0017666652798654,0.07403543337673679,0.001945500249377119,0.027944109639237213,0.0,-0.03377111995004389,73.7430160156717
2024-09-30,1.090999960899353,0.9469499975442887,0.9699833323558171,1.0024416650334993,0.15205906033374572,0.06751468566363594,0.0801979912880435,0.0,0.0,82.83260737598587
2024-10-08,1.1109999418258667,0.9549499958753586,0.9715333312749863,1.0032833312948546,0.1682439230211321,0.09135553491186887,0.09999995278839968,0.0,0.0,90.63828977754781
2024-10-09,1.0110000371932983,0.9578999966382981,0.971516665816307,1.0033083314696947,0.06197480451617876,-0.000988070707131361,0.002976211242642135,-0.09000891977386072,-0.09000891977386072,63.58209831567879
2024-10-10,1.0479999780654907,0.9629999965429306,0.97198333243529,1.003633331755797,0.1078224104144061,0.02745097810055186,0.038652167004071813,-0.05670564091735153,-0.05670564091735153,70.82153481537915
2024-10-11,1.027999997138977,0.9671499967575073,0.9723666658004125,1.0037166650096576,0.08783069303677093,0.022885574145746768,0.009823173278664221,-0.07470742487212367,-0.07470742487212367,66.84636967365557
2024-10-14,1.055999994277954,0.9726999968290329,0.973183332880338,1.0040499980250994,0.117460319863125,0.0486594104076461,0.03937003993745747,-0.049504905875623395,-0.049504905875623395,69.6969824680972
2024-10-15,1.0360000133514404,0.9775999963283539,0.9736666669448216,1.0040583317478498,0.10447759866236495,0.028798455558964875,0.0009662287558385163,-0.06750668983039554,-0.06750668983039554,65.68628654073717
2024-10-16,1.0449999570846558,0.9838499933481216,0.9741999993721644,1.00417499790589,0.13586949796498726,0.031589284579519594,0.013578990027929283,-0.05940592997038652,-0.05940592997038652,66.10170176439985
2024-10-17,1.0299999713897705,0.9893499910831451,0.9745166649421056,1.0040249978502591,0.11956516598370759,0.01879320820721153,-0.01717557924852875,-0.07290726793646563,-0.07290726793646563,63.615032637763434
2024-10-18,1.0369999408721924,0.9961499869823456,0.9750833302736283,1.0038999969760576,0.15094330136425183,0.033898224506624386,-0.014258654231431023,-0.06660666501211465,-0.06660666501211465,63.70023723227615
2024-10-21,1.027999997138977,1.0023999869823457,0.9754999965429306,1.0036666636665663,0.13842746444744636,0.02492520003508525,-0.02651514894952456,-0.07470742487212367,-0.07470742487212367,58.481018464935765
2024-10-22,1.031999945640564,1.0089999854564666,0.9760666618744532,1.0036583299438158,0.1466666366435856,0.034068055124380825,-0.0009680994553993294,-0.07110711100080769,-0.07110711100080769,57.51295784835017
2024-10-23,1.034999966621399,1.0153499841690063,0.9768166611591975,1.003808329999447,0.13986781422676242,0.04545450166784626,0.017699122305453896,-0.06840682194777259,-0.06840682194777259,53.80281482038663
2024-10-24,1.0299999713897705,1.021249982714653,0.9776999940474828,1.0038916632533073,0.12938593295091816,0.054247669806129384,0.00980391240220757,-0.07290726793646563,-0.07290726793646563,50.0
2024-10-25,1.0329999923706055,1.0271999835968018,0.9786499937375387,1.0039666627844175,0.13019695944568976,0.058401619634062873,0.008789007134512694,-0.07020697888343064,-0.07020697888343064,39.64284847584327
2024-10-28,1.0420000553131104,1.0332999855279923,0.9798166612784068,1.004166663189729,0.1326087352289813,0.07201651465642644,0.023575686129671425,-0.06210611172432545,-0.06210611172432545,37.17472777929683
2024-10-29,1.0260000228881836,1.036549985408783,0.9807166616121928,1.00424166371425,0.06763787295155566,0.05555557599610572,0.008849619761032823,-0.07650758180778161,-0.07650758180778161,54.05405405405405
2024-10-30,1.0190000534057617,1.0387999892234803,0.9814833293358485,1.00424166371425,0.04620131144908557,0.04727653020837552,0.0,-0.08280818473213258,-0.08280818473213258,40.64517667218106
2024-10-31,1.0160000324249268,1.0391999900341033,0.982299996415774,1.0041416640082994,0.007936523892651648,0.05067220724812205,-0.01167311745860633,-0.08550847378516768,-0.08550847378516768,45.65218330256637
2024-11-01,1.0230000019073486,1.0388499915599823,0.9829499959945679,1.0040999973813693,-0.006796087064912082,0.039634119563400905,-0.004863808604614661,-0.07920787086081671,-0.07920787086081671,35.89742283482056
2024-11-04,1.031000018119812,1.0358499944210053,0.983816663424174,1.0041083311041197,-0.05499536657185644,0.053115472160733646,0.0009709191823492613,-0.07200713581908857,-0.07200713581908857,47.61904761904762
2024-11-05,1.0429999828338623,1.0324499964714051,0.9848333299160004,1.0041666641831397,-0.061206086906044566,0.06211811601249062,0.006756727212557712,-0.061206086906044566,-0.061206086906044566,49.074085316385
2024-11-06,1.0420000553131104,1.0339999973773957,0.9860499978065491,1.0041583314538003,0.0306627269825559,0.0753354745077266,-0.0009587032955026276,-0.06210611172432545,-0.06210611172432545,56.38303268875677
2024-11-07,1.0609999895095825,1.0346499979496002,0.9876666645208995,1.0042916650573412,0.012404591332233261,0.10062241100049496,0.015311036442110293,-0.04500445988693036,-0.04500445988693036,61.3207960944274
2024-11-08,1.0479999780654907,1.0356499969959259,0.9890499979257583,1.0043416644136112,0.019455234418458645,0.08601036947901153,0.0057580829499834785,-0.05670564091735153,-0.05670564091735153,59.09090909090909
2024-11-11,1.0410000085830688,1.0348999977111817,0.9902333309253056,1.0043499981363615,-0.014204531985004043,0.07319585348318469,0.000961583429541335,-0.0630062438417025,-0.0630062438417025,53.98233169323735
2024-11-12,1.0379999876022339,1.0349999964237213,0.9913666635751724,1.0043083315094312,0.001930477051176549,0.07010304843952597,-0.004793859361381103,-0.0657065328947376,-0.0657065328947376,51.32744389774579
2024-11-13,1.0329999923706055,1.0343999981880188,0.9923833300669987,1.0041249985496203,-0.011483220293642682,0.06275719066875807,-0.020853039119518968,-0.07020697888343064,-0.07020697888343064,51.32744389774579
2024-11-14,1.0199999809265137,1.033899998664856,0.9931499967972438,1.0037499979138373,-0.009708728874782357,0.0472279311043724,-0.04225359049406152,-0.0819081599138517,-0.0819081599138517,44.71543848699067
2024-11-15,1.0180000066757202,1.0329500019550324,0.9939833303292592,1.0033583308259646,-0.01832202052055265,0.05165290515687926,-0.044131500487806674,-0.08370831684950975,-0.08370831684950975,39.65513520512766
2024-11-18,1.034999966621399,1.0333000004291535,0.9949833293755849,1.0030999973416328,0.00680930885399178,0.06153840134600119,-0.029080692836349176,-0.06840682194777259,-0.06840682194777259,53.846138170999474
2024-11-19,1.034999966621399,1.033450001478195,0.9959499955177307,1.0029583300153415,0.0029069972275752587,0.0593653722026386,-0.016159770356685033,-0.06840682194777259,-0.06840682194777259,57.27270264265859
2024-11-20,1.0390000343322754,1.033650004863739,0.9968666623036067,1.0028666640321413,0.0038647998452927546,0.05589431466805461,-0.010476112841474983,-0.06480640077736044,-0.06480640077736044,60.36037777591625
2024-11-21,1.0360000133514404,1.0339500069618226,0.9978166629870733,1.0026166642705598,0.005825283619740329,0.05822271973262039,-0.028142562682168748,-0.06750668983039554,-0.06750668983039554,56.07477884979612
2024-11-22,1.0110000371932983,1.032850009202957,0.9985999971628189,1.002208331724008,-0.021297149409285066,0.04875523982955543,-0.04622632852012676,-0.09000891977386072,-0.09000891977386072,41.9354807697854
2024-11-25,1.0089999437332153,1.0312000036239624,0.9993666628996531,1.0017499978343645,-0.03166997104427105,0.0477673356519519,-0.05169179155538883,-0.09180918400861482,-0.09180918400861482,35.08769728359586
2024-11-26,1.0099999904632568,1.030400002002716,1.000149996081988,1.0013583307464917,-0.015594573165687464,0.048805805777119904,-0.04446551440047031,-0.09090905189123777,-0.09090905189123777,35.964893935179475
2024-11-27,1.0199999809265137,1.0304499983787536,1.001083329319954,1.0010583306352296,0.000981283089642515,0.058091281175888465,-0.03409092191904384,-0.0819081599138517,-0.0819081599138517,30.476212101429937
2024-11-28,1.0180000066757202,1.0305499970912932,1.00198332965374,1.0008166636029878,0.0019684785304781016,0.05601661906126898,-0.02769822585388626,-0.08370831684950975,-0.08370831684950975,34.04258557061874
2024-11-29,1.0240000486373901,1.0305999994277955,1.0030666639407475,1.000574997564157,0.000977562784141739,0.06777899666549603,-0.02754029002386904,-0.07830773874343955,-0.07830773874343955,40.860253646131085
2024-12-02,1.0290000438690186,1.0305000007152558,1.0044333308935165,1.0004833315809567,-0.0019398392004306153,0.08658924482994235,-0.0105768446033494,-0.07380729275474651,-0.07380729275474651,45.263194879278814
2024-12-03,1.0399999618530273,1.030349999666214,1.0059166640043258,1.000449997683366,-0.002876338475753193,0.09358568766463349,-0.0038314823731828707,-0.06390637595907955,-0.06390637595907955,53.46532900560638
2024-12-04,1.0449999570846558,1.0304999947547913,1.007466662923495,1.0003999973336855,0.0028789842728405013,0.09768900525985935,-0.0057088886461601485,-0.05940592997038652,-0.05940592997038652,63.440839540544594
2024-12-05,1.0390000343322754,1.029399996995926,1.0090166638294855,1.000433331231276,-0.02073511347297563,0.09830872761974696,0.0038647998452927546,-0.06480640077736044,-0.06480640077736044,60.824756204720444
2024-12-06,1.0549999475479126,1.029749995470047,1.0108499964078268,1.0005249972144763,0.006679360332948914,0.11640206934713482,0.010536319609687705,-0.050405037993000446,-0.050405037993000446,60.41666149265001
2024-12-09,1.0579999685287476,1.0305999934673309,1.0127333293358485,1.0007249966263772,0.016330412877534783,0.11957669474770793,0.023210762592402956,-0.04770474893996546,-0.04770474893996546,61.61616526505409
2024-12-10,1.0579999685287476,1.0315999925136565,1.0147333284219107,1.000908329586188,0.0192678045909358,0.12793170807526622,0.021235477696701643,-0.04770474893996546,-0.04770474893996546,59.99997490328353
2024-12-11,1.055999994277954,1.032749992609024,1.0169999947150548,1.0011749957998595,0.022265248864684395,0.14782605991471742,0.031249945430320558,-0.049504905875623395,-0.049504905875623395,60.638303268875674
2024-12-12,1.059000015258789,1.0346999943256379,1.0193166613578797,1.0014583294590313,0.038235328491722065,0.15108695222603585,0.033170770625853496,-0.046804616822588296,-0.046804616822588296,83.33336092811174
2024-12-13,1.0429999828338623,1.035949993133545,1.0216833273569743,1.0016416624188422,0.02455793319666033,0.15760261524799235,0.021547457964131933,-0.061206086906044566,-0.061206086906044566,69.76749988564205
2024-12-16,1.0509999990463257,1.0367499947547913,1.0241499940554302,1.0018916621804237,0.015458969025048841,0.16389812001801207,0.02938292906673845,-0.05400535186431643,-0.05400535186431643,72.04305899333323
2024-12-17,1.0449999570846558,1.037249994277954,1.0265666604042054,1.0020999953150749,0.009661826846140142,0.16111109418633496,0.024509781005518594,-0.05940592997038652,-0.05940592997038652,64.0449513451248
2024-12-18,1.0520000457763672,1.0378999948501586,1.0289666612943014,1.002458329498768,0.012512041399927787,0.1585903685195047,0.04261655544206988,-0.05310521974693938,-0.05310521974693938,68.08513066735657
2024-12-19,1.0410000085830688,1.03814999461174,1.0311166614294052,1.0026999965310097,0.004826250161381385,0.14144737723550915,0.02865617083021621,-0.0630062438417025,-0.0630062438417025,58.58584034139622
2024-12-20,1.0329999923706055,1.0392499923706056,1.033099995056788,1.0028499965866406,0.021760587901047623,0.13019695944568976,0.017733996974785393,-0.07020697888343064,-0.07020697888343064,51.960759106070554
2024-12-23,1.034000039100647,1.040499997138977,1.0349999954303106,1.0030666634440422,0.024777102836035292,0.12391306559056958,0.0257936730853221,-0.06930684676605348,-0.06930684676605348,46.73917691282055
2024-12-24,1.0440000295639038,1.0421999990940094,1.0363833288351694,1.003291664024194,0.03366340536800627,0.08636836847950158,0.02654874206648672,-0.060305954788667404,-0.060305954788667404,49.484574091552616
2024-12-25,1.0490000247955322,1.0436500012874603,1.037633329629898,1.0034249976277352,0.028431416089514494,0.07700210415416242,0.01548889888005589,-0.05580550879997437,-0.05580550879997437,55.20831781132188
2024-12-26,1.0440000295639038,1.0449500024318694,1.038233329852422,1.0035166646043459,0.025540297365111764,0.035714298385340904,0.010648632405170444,-0.060305954788667404,-0.060305954788667404,43.52948106261413
2024-12-27,1.0460000038146973,1.046050000190735,1.0384999970595041,1.003666664659977,0.021484330207388158,0.015534012494522687,0.017509734169081748,-0.05850579785300947,-0.05850579785300947,42.85718340440931
2024-12-30,1.0579999685287476,1.0474999964237213,1.0379499971866608,1.0039666647712389,0.02818262723361009,-0.03024747346773715,0.03522506353260524,-0.04770474893996546,-0.04770474893996546,50.0
2024-12-31,1.0540000200271606,1.048199999332428,1.0369999984900156,1.004266664882501,0.013461594891973405,-0.05130506281128133,0.03536347064377576,-0.006597520783819588,-0.05130506281128133,48.979606731664006
2025-01-02,1.0269999504089355,1.047299998998642,1.0372666637102763,1.0043916647632918,-0.017224887478404005,0.015825828513375217,0.014822120768673841,-0.032045277508779724,-0.07560755698950072,36.88524269795546
2025-01-03,1.0240000486373901,1.0465499997138976,1.0368666648864746,1.0044249986608824,-0.014436944368847016,-0.022900696498488693,0.0039216350839959,-0.03487270616213156,-0.07830773874343955,41.2844407940426
2025-01-06,1.0269999504089355,1.045149999856949,1.036849997440974,1.0046083316206933,-0.02654028296783917,-0.0009728081058606453,0.021890502767849984,-0.032045277508779724,-0.07560755698950072,38.461512009766
2025-01-07,1.024999976158142,1.0435000002384185,1.0363333304723104,1.0047583316763242,-0.031190919992649113,-0.02935607792404249,0.017874883039938894,-0.033930267396214076,-0.07740771392515866,40.0
2025-01-08,1.0210000276565552,1.041650003194809,1.036083330710729,1.0048749988277754,-0.03497158976634418,-0.014478750484143932,0.013902739422454014,-0.03770024717108267,-0.08100802779647465,34.0205704116909
2025-01-09,1.0089999437332153,1.039300000667572,1.035483330488205,1.0048416649301848,-0.044507623863080936,-0.03444977495680801,-0.0039487341220995065,-0.04901041120688676,-0.09180918400861482,33.67340484282589
2025-01-10,0.9940000176429749,1.0360500007867812,1.0348833312590917,1.0046999981005986,-0.06137865597662917,-0.03495141237549859,-0.016815053338195995,-0.06314794771824317,-0.1053104683251459,31.428534124885118
2025-01-13,0.9850000143051147,1.033150002360344,1.034016665816307,1.0045499980449677,-0.055608791450945105,-0.05014458006944722,-0.017946167795807155,-0.07163051456729663,-0.11341128183470295,28.318511251068145
2025-01-14,1.003999948501587,1.030799999833107,1.033616665005684,1.0045583307743073,-0.04471936307077684,-0.023346350879556943,0.0009969366897661924,-0.05372294210327211,-0.09630962999730786,33.60647327993652
2025-01-15,0.996999979019165,1.0284000009298324,1.0330333322286607,1.004549997051557,-0.04593299525045069,-0.03391469812498338,-0.0010020508058511401,-0.0603204628870917,-0.10261023292165894,29.032171231243694
2025-01-16,1.0049999952316284,1.0260499984025955,1.0325333327054977,1.0046749969323476,-0.04467685218592654,-0.02898548053842054,0.015151500555948827,-0.052780390981755354,-0.0954094978799308,34.645609424132914
2025-01-17,1.003000020980835,1.0241499990224838,1.0320833335320154,1.0048916637897491,-0.036503349941328644,-0.026213544814476797,0.026612101268108646,-0.054665380869189706,-0.09720965481558885,33.07082179565401
2025-01-20,1.003000020980835,1.0226500004529953,1.0315833340088527,1.0051166638731956,-0.02904159884931301,-0.02904159884931301,0.027663944375187377,-0.054665380869189706,-0.09720965481558885,26.086906944946918
2025-01-21,0.9950000047683716,1.0206999987363816,1.030799999833107,1.0053083305557569,-0.037717633324459876,-0.045105612331868605,0.023662553332972847,-0.06220545277452605,-0.10441038985731688,25.210019213777812
2025-01-22,0.9850000143051147,1.0177499979734421,1.0301166663567225,1.0054166639844577,-0.05651342297704187,-0.039961021119331086,0.013374497331097857,-0.07163051456729663,-0.11341128183470295,29.411723456847838
2025-01-23,0.9980000257492065,1.0151999980211257,1.02976666589578,1.0056249976158143,-0.04861772911422613,-0.020608465707501855,0.025693767749304763,-0.05937791176557494,-0.10171010080428189,38.392821030268586
2025-01-24,1.003999948501587,1.0131999939680099,1.0295666644970576,1.0059333304564158,-0.038314252806128324,-0.01181110584681655,0.038262606598006066,-0.05372294210327211,-0.09630962999730786,39.99997926790838
2025-01-27,1.0160000324249268,1.0116999953985215,1.0294499983390173,1.0061999971667925,-0.02868066087988763,-0.0068425899016331115,0.032520329635483014,-0.042412778067468015,-0.08550847378516768,46.400019073504524
2025-02-05,0.996999979019165,1.0086499959230424,1.028883331020673,1.0063499972224235,-0.057655946431084515,-0.032977728906980364,0.018386115612070375,-0.0603204628870917,-0.10261023292165894,41.428553182249736
2025-02-06,0.9980000257492065,1.0058499962091445,1.028133331735929,1.0064833308259646,-0.0531309233528392,-0.043144734252429706,0.01629331215244023,-0.05937791176557494,-0.10171010080428189,45.736464195614204
2025-02-07,1.0049999952316284,1.0047499984502792,1.027516664067904,1.0067833309372267,-0.021421573748418465,-0.03550869301092674,0.03715171725967248,-0.052780390981755354,-0.0954094978799308,54.545445589083585
2025-02-10,1.003999948501587,1.003749993443489,1.0265666633844375,1.0071166639526685,-0.019531346861181187,-0.05372294210327211,0.041493736936751624,-0.05193585076933327,-0.09630962999730786,58.407047904185305
2025-02-11,1.0069999694824219,1.0027499943971634,1.025883329908053,1.0074666639169056,-0.01947417905770099,-0.03912214641335299,0.04352331279783406,-0.04910296980841866,-0.09360934094427287,51.54640062136228
2025-02-12,1.00600004196167,1.0017999976873397,1.0252999971310297,1.0077666640281677,-0.01853652159845587,-0.03362148543018584,0.03711341473156393,-0.05004718841686462,-0.09450936576255375,54.9450851756174
2025-02-13,1.0080000162124634,1.0011499971151352,1.024799997607867,1.0080833305915198,-0.012732625947062925,-0.02890170688640381,0.03917524379527948,-0.04815863863218428,-0.09270920882689582,51.76471743203671
2025-02-14,1.0089999437332153,1.0011499971151352,1.0243999967972437,1.0083916634321213,0.0,-0.023233348320083724,0.038065782678277094,-0.047214420023738324,-0.09180918400861482,53.57138295562434
2025-02-17,1.003999948501587,1.0016499936580658,1.0241333295901616,1.0086416631937027,0.01006029243573292,-0.01568630659227388,0.03080079270507663,-0.05193585076933327,-0.09630962999730786,50.561757118402966
2025-02-18,1.0019999742507935,1.0024999916553496,1.0238666623830794,1.0089249963561693,0.01725884233379582,-0.015717124086447543,0.0351239459506556,-0.05382440055401361,-0.0981097869329659,54.21685189600346
2025-02-19,0.996999979019165,1.0021499931812285,1.0232333292563756,1.0091083293159804,-0.006972081515411399,-0.03671496505094496,0.022564056040346836,-0.058545831299608664,-0.10261023292165894,57.69229005778597
2025-02-20,0.9940000176429749,1.0019999951124192,1.022549996773402,1.0092499961455663,-0.003008988404534896,-0.03961347855136865,0.017400224752826876,-0.06137865597662917,-0.1053104683251459,47.05881321717423
2025-02-21,0.9879999756813049,1.001149994134903,1.0216999957958857,1.0092833290497463,-0.016915442418888205,-0.04908571411525142,0.004064988202339137,-0.0670444178984585,-0.11071104643121599,38.235317320140844
2025-02-24,0.9879999756813049,1.0003999918699265,1.0208999951680502,1.0093583290775616,-0.014955179447415645,-0.046332082096076754,0.009193057806035076,-0.0670444178984585,-0.11071104643121599,24.99992017225763
2025-02-25,0.9819999933242798,0.9993499904870987,1.0204166611035665,1.0095083291331928,-0.020937215570563272,-0.02868451315741538,0.018672206353756327,-0.07271012353639361,-0.11611157088773805,32.55810085137881
2025-02-26,0.9929999709129333,0.9992499887943268,1.020149994889895,1.009758328894774,-0.002010084267189405,-0.015857258387035555,0.031152618281023114,-0.06232298715286344,-0.10621060044252295,45.282948844396415
2025-02-27,1.003000020980835,1.0001499891281127,1.0200333287318548,1.0100916624069214,0.018274118187113553,-0.006930662919324537,0.04153688626944807,-0.05288006937777934,-0.09720965481558885,48.21430472091127
2025-02-28,0.9990000128746033,1.0001999884843826,1.0196833292643228,1.0103833292921385,0.001001991081759801,-0.020588204357450235,0.03630708165020291,-0.056657225231034114,-0.10081002233645286,45.76275467165327
2025-03-03,0.996999979019165,0.9998499900102615,1.0193333288033803,1.01065832922856,-0.006972081515411399,-0.020628710725779653,0.034232357705038075,-0.058545831299608664,-0.10261023292165894,41.37929617008333
2025-03-04,0.9959999918937683,0.9988499879837036,1.0188666611909867,1.010966662565867,-0.019685078634715802,-0.027343804114932202,0.03858185694263594,-0.05949010619194883,-0.10351031138948785,41.379253645908804
2025-03-05,1.0,0.9989999890327453,1.018383327126503,1.0114083290100098,0.003009048188532981,-0.028182743083254858,0.05596617930587211,-0.055712950338693945,-0.09990994386862384,43.33331346509946
2025-03-06,1.0,0.9990999877452851,1.0177166610956192,1.0118166625499725,0.002003982163519602,-0.03846150319251662,0.051524738247229696,-0.055712950338693945,-0.09990994386862384,42.37293101218763
2025-03-07,1.0010000467300415,0.9988999903202057,1.0169833292563757,1.0122249960899352,-0.003980048279169424,-0.0421051791019833,0.051470613095115025,-0.054768619162459675,-0.09900981175124679,47.27281988148443
2025-03-10,1.00600004196167,0.9989999949932098,1.0164333293835321,1.0127249966065088,0.0019921250624246323,-0.03176130055839055,0.06342501401591272,-0.05004718841686462,-0.09450936576255375,53.44832901714145
2025-03-11,1.0089999437332153,0.9990999937057495,1.0156666626532873,1.013258329530557,0.001986071808742329,-0.04360190151820664,0.06772481626473903,-0.047214420023738324,-0.09180918400861482,60.71425530374955
2025-03-12,1.00600004196167,0.9990999937057495,1.0147999972105026,1.0137666632731757,0.0,-0.049149270428985536,0.06455031701156311,-0.05004718841686462,-0.09450936576255375,60.7143199261753
2025-03-13,1.0089999437332153,0.9991499900817871,1.0139833301305772,1.014358329276244,0.000991991572092621,-0.046313824435809336,0.07569287697188587,-0.047214420023738324,-0.09180918400861482,69.81136743706907
2025-03-14,1.0190000534057617,0.9996499955654145,1.013366664449374,1.0151833295822144,0.00991091202200356,-0.03503782298549285,0.10760873360928991,-0.03777144596476001,-0.08280818473213258,74.60327371913681
2025-03-17,1.0230000019073486,1.0005999982357026,1.0127666642268498,1.0160416627923647,0.018924356952525923,-0.03399434639539933,0.11195650364083942,-0.03308125487949665,-0.07920787086081671,83.60663586761096
2025-03-18,1.0219999551773071,1.0015999972820282,1.0124166637659073,1.0170499955614407,0.019960061317833677,-0.020134255035649584,0.13429514896265426,-0.0340264786600154,-0.08010800297819376,78.43139088188099
2025-03-19,1.0230000019073486,1.0028999984264373,1.0119499971469244,1.0180499956011773,0.026078258209957017,-0.026641291307691883,0.13289037115013724,-0.03308125487949665,-0.07920787086081671,73.80953732533683
2025-03-20,1.0210000276565552,1.0042499989271163,1.0115499983231226,1.019058329363664,0.027162987459099064,-0.022966440587285475,0.13444450522646645,-0.03497158976634418,-0.08100802779647465,77.50008568188625
2025-03-21,1.0190000534057617,1.0058000028133391,1.0109999984502793,1.0199833298722902,0.03137659765940759,-0.03136881267552771,0.12224676428174575,-0.03686192465319171,-0.08280818473213258,77.50020116646749
2025-03-24,1.0230000019073486,1.0075500041246415,1.0106999983390172,1.0209083298842112,0.035425128631110026,-0.017291072552651054,0.12171052782069669,-0.03308125487949665,-0.07920787086081671,81.39550357144343
2025-03-25,1.027999997138977,1.0098500043153762,1.0106166650851567,1.0218583300709725,0.046843181392473676,-0.004840266474885446,0.12472650499286742,-0.028355361325282824,-0.07470742487212367,81.8183295989943
2025-03-26,1.0269999504089355,1.0115500032901763,1.0104999969402948,1.0227499961853028,0.034239658098623726,-0.00676991143810779,0.11630427367238916,-0.02930058510580158,-0.07560755698950072,80.00005298209734
2025-03-27,1.0260000228881836,1.0127000033855438,1.010199996829033,1.0232916628321012,0.022931207802824316,-0.017241385216472782,0.06763787295155566,-0.030245696212130357,-0.07650758180778161,77.77792495066029
2025-03-28,1.0190000534057617,1.0137000054121017,1.00969999730587,1.0236666634678842,0.02002006033374193,-0.028598637445807484,0.04620131144908557,-0.03686192465319171,-0.08280818473213258,63.82988976873247
2025-03-31,1.0130000114440918,1.014500007033348,1.0091833303372064,1.0237083300948142,0.01604817729351149,-0.029693503105321928,0.004960312650009513,-0.04253304198792429,-0.08820876283820278,54.00008106258746
2025-04-01,1.0230000019073486,1.015850007534027,1.008799996972084,1.0236499970157942,0.027108444009365185,-0.021988529467943607,-0.006796087064912082,-0.03308125487949665,-0.07920787086081671,64.91226602530585
2025-04-02,1.0260000228881836,1.0171500086784362,1.0082666645447413,1.023108330865701,0.026000022888183594,-0.030245696212130357,-0.05957831378617784,-0.0265654616764196,-0.07650758180778161,64.91233940742569
2025-04-03,1.0269999504089355,1.0185000061988831,1.0078166633844376,1.0224083309372267,0.026999950408935547,-0.025616763856920355,-0.07560755698950072,-0.0009728081058606453,-0.032045277508779724,58.33325054886106
2025-04-07,0.9649999737739563,1.0167000025510788,1.0067833304405212,1.0220249970753987,-0.035964107168312665,-0.06036998990145215,-0.04549956649561138,-0.061284069591785895,-0.09048069433063755,22.64146699557969
2025-04-08,0.9810000061988831,1.0154500007629395,1.006066663066546,1.0214666639765104,-0.024850929145129652,-0.0419922269493308,-0.0639312722031572,-0.045719835672081266,-0.07540055051996486,33.0578544965348
2025-04-09,0.9850000143051147,1.0142500042915343,1.0053666641314825,1.021108330786228,-0.02378585804405786,-0.040895752806119456,-0.04182877719215505,-0.04182877719215505,-0.07163051456729663,34.677403848927014
2025-04-10,0.9959999918937683,1.0137500017881393,1.0048833310604095,1.02060833076636,-0.009940407207540303,-0.028292668233096174,-0.05681818438380881,-0.03112840985823717,-0.06126295783080882,40.6014788244157
2025-04-11,0.9929999709129333,1.0129500031471252,1.0044166634480158,1.0202499970793724,-0.015857258387035555,-0.02742414885912281,-0.04150583193469537,-0.034046718213474825,-0.06409049883975992,40.29846829274802
2025-04-14,1.0,1.0120000004768372,1.0042666643857956,1.0198749974370003,-0.01864578254167759,-0.00891966723002613,-0.043062161658070086,-0.02723735137831107,-0.0574929218781407,41.60583655793095
2025-04-15,1.0,1.0108500003814698,1.004366664091746,1.0196249976754188,-0.0224828952731827,0.0060361994472120095,-0.02912618662434696,-0.02723735137831107,-0.0574929218781407,39.39393802560472
2025-04-16,1.003999948501587,1.0099500000476838,1.0046833296616873,1.019349997738997,-0.01761253176630262,0.019289273015773434,-0.03182255954889457,-0.023346350879556943,-0.05372294210327211,41.481472651155315
2025-04-17,1.003999948501587,1.0089999973773955,1.0046833296616873,1.0191499973336855,-0.01857287719485512,0.0,-0.023346350879556943,-0.023346350879556943,-0.05372294210327211,41.791013572961894
2025-04-18,1.0049999952316284,1.0081999957561494,1.0048166632652282,1.0189249977469443,-0.015670942205213034,0.008024088646755745,-0.026162744022410478,-0.02237354277369641,-0.052780390981755354,44.53122817213074
2025-04-21,1.0049999952316284,1.0074999928474426,1.0048166632652282,1.018674997985363,-0.013739016133847537,0.0,-0.02898548053842054,-0.02237354277369641,-0.052780390981755354,46.72130426710702
2025-04-22,1.0069999694824219,1.0066999912261962,1.0048833290735881,1.0184833313028017,-0.01564030537154959,0.0039879844645220874,-0.02233009955943488,-0.02042804252431929,-0.05089540109432111,42.98243962936356
2025-04-23,1.003999948501587,1.0054999887943268,1.0048999945322672,1.0182416642705598,-0.023346350879556943,0.0009969366897661924,-0.02807361479496928,-0.023346350879556943,-0.05372294210327211,40.35084141917659
2025-04-24,1.0080000162124634,1.0045499920845031,1.0051166613896687,1.017958330611388,-0.01850042367471072,0.013065338072152155,-0.03262959433378365,-0.019455234418458756,-0.04995284997280436,41.880377149331416
2025-04-25,1.0080000162124634,1.0036499917507171,1.0054999947547913,1.0178083305557568,-0.017543865764301114,0.02335025540438629,-0.017543865764301114,-0.019455234418458756,-0.04995284997280436,89.0908578605883
2025-04-28,1.0080000162124634,1.0030999898910522,1.0056666612625123,1.0177166635791461,-0.010794932891841746,0.010020030265780466,-0.010794932891841746,-0.019455234418458756,-0.04995284997280436,84.61531407751336
2025-04-29,1.00600004196167,1.002749991416931,1.0056999961535136,1.0176333303252856,-0.006910137614354994,0.0019921250624246323,-0.009842509984364312,-0.021400734667835764,-0.0518378398602386,78.37836967062849
2025-04-30,1.0,1.0015999913215636,1.0054333289464314,1.0174416636427244,-0.0224828952731827,-0.015748062907772642,-0.0224828952731827,-0.02723735137831107,-0.0574929218781407,56.24998835851309
2025-05-06,1.0010000467300415,1.0003499925136565,1.0054999967416127,1.017191663881143,-0.024366447953643622,0.004012104107375958,-0.029097934881204046,-0.026264543272450425,-0.05655037075662395,63.33339293767968
2025-05-07,1.0069999694824219,0.9993499934673309,1.005649995803833,1.0168916637698808,-0.01947417905770099,0.009017979459929437,-0.034515833119792894,-0.02042804252431929,-0.05089540109432111,62.068894643811404
2025-05-08,1.0089999437332153,1.001549991965294,1.0057166616121929,1.0166166628400484,0.04559582503114723,0.003980048279169424,-0.03166997104427105,-0.018482542274942282,-0.04901041120688676,64.51602979461406
2025-05-09,1.0140000581741333,1.0031999945640564,1.0058833301067351,1.0162249967455863,0.033639196500229174,0.009960269109048348,-0.044297767954902256,-0.013618617707983338,-0.042492876710354954,65.62508149025656
2025-05-12,1.0180000066757202,1.0048499941825866,1.006066664059957,1.015974996984005,0.03350252983893198,0.010923572519026203,-0.02862592749777304,-0.009727617209229322,-0.03871577714099428,69.44445364265823
2025-05-13,1.0210000276565552,1.006099995970726,1.0063166638215384,1.015808330476284,0.025100437717125335,0.01491052193758935,-0.01921227738867759,-0.006809308853991669,-0.03588289618007967,71.05261506801185
2025-05-14,1.0269999504089355,1.007799994945526,1.0066333293914795,1.0157166634996733,0.034239658098623726,0.018849140764763073,-0.010597338463084416,-0.0009728081058606453,-0.030217246826038657,74.99993226749463
2025-05-15,1.024999976158142,1.0090499937534332,1.0068999965985617,1.0156499966979027,0.02499997615814209,0.01585731746002672,-0.007744449440027945,-0.002918308355237653,-0.032105796610718995,70.45453929704496
2025-05-16,1.0190000534057617,1.0099999964237214,1.0071499983469645,1.015641663968563,0.01900005340576172,0.014940344296393349,-0.0009803211171078852,-0.008754809103368677,-0.03777144596476001,65.95758172189193
2025-05-19,1.0210000276565552,1.0108500003814698,1.0074666659037272,1.0156666641434033,0.016932350624459636,0.018962129634751967,0.0029469754038917717,-0.006809308853991669,-0.03588289618007967,64.4445092003412
2025-05-20,1.0260000228881836,1.0119500041007996,1.0079499999682109,1.0155916646122933,0.021912425811804637,0.029087306398489998,-0.008695598090301626,-0.001945500249377008,-0.031161465434484614,68.00006675742497
2025-05-21,1.0329999923706055,1.0133500039577483,1.0085999995470047,1.0155749981602034,0.027860693802813197,0.03923538635352286,-0.001932342333615833,0.0,-0.02455148490420933,71.92987959820056
2025-05-22,1.0299999713897705,1.0146000027656554,1.0092999994754792,1.0154999976356824,0.02487559828533148,0.042510118160178356,-0.008662235462089107,-0.002904182965142388,-0.02738436586512394,70.68964808504167
2025-05-23,1.0230000019073486,1.0154000043869018,1.0098833332459132,1.0153916642069816,0.015888811231196343,0.035425128631110026,-0.012548273432967494,-0.009680532949771004,-0.03399434639539933,69.49160076455874
2025-05-26,1.0160000324249268,1.016000008583069,1.0104500005642574,1.0154333308339119,0.011952275437114634,0.03462325797533827,0.004945593518976832,-0.01645688293439962,-0.040604326925674616,61.53850386148183
2025-05-27,1.0140000581741333,1.0163000106811524,1.0108000020186105,1.0154749984542528,0.00595242248528427,0.02114812474958394,0.004955515083992834,-0.018392966444142678,-0.042492876710354954,55.73780102911259
2025-05-28,1.0149999856948853,1.0166500091552735,1.0110000014305114,1.015516665081183,0.006944414057376891,0.011964072246295254,0.0049504903750889895,-0.01742498238979895,-0.041548658101909,55.000059604938464
2025-05-29,1.0190000534057617,1.0172000110149384,1.011333335439364,1.0155083323518435,0.010912735135293561,0.02002006033374193,-0.0009803211171078852,-0.01355269996925712,-0.03777144596476001,54.23730868313381
2025-05-30,1.0219999551773071,1.0180000066757202,1.0117500017086665,1.0155416652560234,0.01590448563445168,0.02507520229111404,0.003929222470880678,-0.010648632405170333,-0.0349386775716336,53.44825459986518
2025-06-03,1.0230000019073486,1.0191500067710877,1.0122000018755595,1.015533331533273,0.023000001907348633,0.027108444009365185,-0.000976608088419706,-0.009680532949771004,-0.03399434639539933,51.78570288169039
2025-06-04,1.0260000228881836,1.0204000055789948,1.0126333355903625,1.0155083313584328,0.024974999991068225,0.026000022888183594,-0.0029154721602877576,-0.006776349984628616,-0.031161465434484614,49.05666743140933
2025-06-05,1.0219999551773071,1.021150004863739,1.0130000015099843,1.0153583313028018,0.014895716136510861,0.02199995517730713,-0.017307699361496676,-0.010648632405170333,-0.0349386775716336,47.272699687020456
2025-06-06,1.0240000486373901,1.0219000101089477,1.013383334875107,1.0151833320657413,0.014866308960014063,0.022977023809821473,-0.020095606994904758,-0.008712433494371674,-0.03305001521916495,54.901956201103744
2025-06-09,1.024999976158142,1.0224500060081483,1.013700000445048,1.01506666491429,0.010848044726758488,0.018886613721628587,-0.013474550251704853,-0.007744449440027945,-0.032105796610718995,53.999952316238705
2025-06-10,1.0199999809265137,1.022550004720688,1.0138833343982696,1.0147749985257783,0.001964611235440339,0.010901920522016217,-0.03317532546115076,-0.012584715914913391,-0.03682722735631394,43.999952316238705
2025-06-11,1.0260000228881836,1.0228000044822694,1.0142166674137116,1.0145083323121071,0.004897154844456297,0.01988069591678565,-0.030245696212130357,-0.006776349984628616,-0.031161465434484614,42.85717761202018
2025-06-12,1.0260000228881836,1.0227500081062317,1.0145000020662944,1.0142416660984357,-0.0009736393077270922,0.01684844410602193,-0.030245696212130357,-0.006776349984628616,-0.031161465434484614,45.65223025013216
2025-06-13,1.0219999551773071,1.02260000705719,1.0145500004291534,1.0139583324392636,-0.0029268498054795256,0.00294396625546689,-0.03219700689856031,-0.010648632405170333,-0.0349386775716336,48.837157724605014
2025-06-16,1.0210000276565552,1.0227000057697295,1.0145166675249735,1.0136416658759118,0.001962683165824153,-0.001955009039163791,-0.03588289618007967,-0.011616616459514062,-0.03497158976634418,56.75673934125698
2025-06-17,1.0219999551773071,1.0227500021457672,1.0145166675249735,1.0134666656454405,0.0009793609144626014,0.0,-0.020134255035649584,-0.010648632405170333,-0.0340264786600154,61.11096393920329
2025-06-18,1.0240000486373901,1.0226500034332275,1.0145333349704742,1.0132416660586994,-0.001949292598613761,0.000977562784141739,-0.02568977205845402,-0.008712433494371674,-0.03213603109897789,62.162188285327666
2025-06-19,1.0180000066757202,1.0219000041484834,1.0144833346207938,1.0130166664719582,-0.01452079942465645,-0.0029383162581501088,-0.02583727417966608,-0.01452079942465645,-0.03780714843371047,48.717893855243815
2025-06-20,1.0190000534057617,1.0213500082492828,1.0144833346207938,1.0127416665355364,-0.010679532319954,0.0,-0.03136881267552771,-0.01355269996925712,-0.03686192465319171,45.94611139212774
2025-06-23,1.0230000019073486,1.0213500082492828,1.0144833346207938,1.0125916664799055,0.0,0.0,-0.017291072552651054,-0.009680532949771004,-0.03308125487949665,50.0
2025-06-24,1.0269999504089355,1.0219000041484834,1.0144666671752929,1.012541666130225,0.010826690583616294,-0.0009728081058606453,-0.005808365930284887,-0.005808365930284887,-0.02930058510580158,51.219420005000956
2025-06-25,1.0329999923706055,1.0228500008583068,1.014566667874654,1.0125333324074746,0.0187376066138345,0.005842300147415491,-0.0009671631452851104,0.0,-0.023629467771069,62.790710568848745
2025-06-26,1.0329999923706055,1.0237500011920928,1.0146833340326944,1.0124416654308637,0.017733996974785393,0.006822582189342397,-0.010536433794827826,0.0,-0.023629467771069,60.975538840413684
2025-06-27,1.031000018119812,1.0243499994277954,1.0148833334445952,1.0122916653752327,0.011776215981484262,0.011776215981484262,-0.017159205195661165,-0.0019360835097430584,-0.025519802657916535,57.142897690181144
2025-06-30,1.031999945640564,1.0248499989509583,1.0151999990145366,1.0121916646758715,0.009784726909818575,0.01875610462174282,-0.011494332934408491,-0.0009680994553993294,-0.02457469155158787,65.78943240674224
2025-07-01,1.0369999408721924,1.0255499958992005,1.0154333313306172,1.0121166641513506,0.013685179803266223,0.013685179803266223,-0.00860426664405567,0.0,-0.019848797997374046,64.86477778708542
2025-07-02,1.0420000553131104,1.0263499975204469,1.0156999985376993,1.0119833315412203,0.015594573165687464,0.015594573165687464,-0.015122791768970134,0.0,-0.011385165546525355,69.04763256339372
2025-07-03,1.0440000295639038,1.0274500012397767,1.0159833331902821,1.0118999982873598,0.02152649251611738,0.016553145059256424,-0.009487656805736266,0.0,0.0,77.50011920940324
2025-07-04,1.0499999523162842,1.0287499964237212,1.017399999499321,1.0120916649699212,0.02539052973043443,0.0880828817123247,0.022395329131408737,0.0,0.0,82.22216924026523
2025-07-07,1.0529999732971191,1.0301499962806702,1.0185999989509582,1.0123333310087521,0.027317071014894445,0.07339446141006367,0.028320237580377494,0.0,0.0,82.97870721469063
2025-07-08,1.0549999475479126,1.0318999946117402,1.019766664505005,1.0125666643182436,0.034313693407726165,0.07106592104181897,0.027263873895833957,0.0,0.0,82.97866404236755
2025-07-09,1.0579999685287476,1.0334999918937684,1.0207999974489212,1.0128416642546654,0.03118903014298602,0.06224897303171062,0.03219511525677743,0.0,0.0,95.45459471468283
2025-07-10,1.0679999589920044,1.0355999886989593,1.022049997250239,1.0132333303491274,0.04093560932444351,0.07552869111377558,0.046033232186413864,0.0,0.0,96.22645328894836
2025-07-11,1.062000036239624,1.0375999927520752,1.0230833311875662,1.0136749977866808,0.03913902428242011,0.06200003623962402,0.05252734931809089,-0.005617905414568747,-0.005617905414568747,85.45468732389482
2025-07-14,1.0679999589920044,1.0399499893188477,1.0242166638374328,1.0142916639645894,0.046033232186413864,0.0679999589920044,0.07444661975409428,0.0,0.0,85.96504436901468
2025-07-15,1.0529999732971191,1.0414999902248383,1.0250333309173585,1.0148583302895229,0.030332700077696062,0.04880480807659593,0.06903549035984136,-0.01404493096520576,-0.01404493096520576,65.151558938383
2025-07-16,1.0509999990463257,1.042849987745285,1.025816665093104,1.0152499973773956,0.026367137818854358,0.04681280174852964,0.04681280174852964,-0.015917566103395342,-0.015917566103395342,63.23535341316882
2025-07-17,1.0490000247955322,1.0443999886512756,1.026549998919169,1.0156833310921987,0.030451884004443874,0.04378112415190882,0.052156516419914256,-0.017790201241584924,-0.017790201241584924,63.23535341316882
2025-07-18,1.0529999732971191,1.0460999846458434,1.0273499985535939,1.016083330909411,0.03336596477862863,0.04776117243107825,0.04776117243107825,-0.01404493096520576,-0.01404493096520576,64.78880570326181
2025-07-21,1.065999984741211,1.0482499837875365,1.0283333321412405,1.0166083306074143,0.04203321872305987,0.0585898878319866,0.06281152785896071,-0.0018726351381895823,-0.0018726351381895823,68.35451442436826
2025-07-22,1.0839999914169312,1.0510999858379364,1.0296666661898295,1.0172833303610485,0.055501503174658406,0.07968132173187836,0.08075769565476798,0.0,0.0,72.82613906853135
2025-07-23,1.0800000429153442,1.0534499883651733,1.0308666666348776,1.0179916640122733,0.04549859718476812,0.07142859677068181,0.08542717360766239,-0.0036899894218250795,-0.0036899894218250795,69.14901981672132
2025-07-24,1.0829999446868896,1.0559499859809875,1.0321166654427847,1.018808330098788,0.04840266474885491,0.0744046897501418,0.09949231366347822,-0.0009225523412913494,-0.0009225523412913494,68.13194298889123
2025-07-25,1.0779999494552612,1.05829998254776,1.0332833309968312,1.0194749961296716,0.04558674152223663,0.06944437710013229,0.08016024212624462,-0.005535094104407778,-0.005535094104407778,63.4409084558225
2025-07-28,1.0679999589920044,1.060099983215332,1.0343166629473368,1.0200083295504252,0.034883735705136365,0.061630133642376794,0.06374503363863093,-0.014760177630640525,-0.014760177630640525,56.435675116790165
2025-07-29,1.0679999589920044,1.0616499841213227,1.0354499955972036,1.0204416622718175,0.029893943960824787,0.0679999589920044,0.05118102845229977,-0.014760177630640525,-0.014760177630640525,55.10205819384976
2025-07-30,1.0709999799728394,1.063099980354309,1.0366166611512502,1.0210583289464314,0.027831020269010187,0.06992999997499116,0.07422267052249532,-0.011992630578436692,-0.011992630578436692,51.64837036260742
2025-07-31,1.0529999732971191,1.0635499775409698,1.0373833278814952,1.021516661842664,0.008620635515666386,0.045680243504218065,0.05511016646179323,-0.028597802919989812,-0.028597802919989812,45.63102413821838
2025-08-01,1.0529999732971191,1.0636999785900116,1.0381166617075601,1.0219166616598765,0.0028571629686429123,0.04360756394208254,0.04776117243107825,-0.028597802919989812,-0.028597802919989812,42.26802983434784
2025-08-04,1.059999942779541,1.0640499770641327,1.0388833264509836,1.0223833282788595,0.006647644501361016,0.04536477511474479,0.05577688959200744,-0.0221402664459609,-0.0221402664459609,53.932578249734796
2025-08-05,1.0670000314712524,1.0646499812602996,1.0396999935309092,1.022883328795433,0.011374487696640179,0.048133619326331756,0.0595829829266723,-0.01568262000026177,-0.01568262000026177,58.51066797881622
2025-08-06,1.0740000009536743,1.065449982881546,1.0405833264191946,1.0234499951203664,0.015122904443160223,0.05190986470271408,0.0675943898167306,-0.009225083526232858,-0.009225083526232858,62.626268707757404
2025-08-07,1.0770000219345093,1.0658999860286713,1.0414166609446207,1.0240249951680502,0.008427025550636902,0.04868556371951582,0.0684523855280399,-0.006457536474028913,-0.006457536474028913,62.244931472856145
2025-08-08,1.0770000219345093,1.0666499853134155,1.042283328374227,1.0245916624863942,0.01412427983335851,0.050731753156981974,0.06739354013212262,-0.006457536474028913,-0.006457536474028913,56.47061628456547
2025-08-11,1.0750000476837158,1.0669999897480011,1.0432166616121927,1.0251833299795787,0.006554390412447431,0.054955830562312125,0.07071723388840057,-0.008302531184941397,-0.008302531184941397,43.478290916064424
2025-08-12,1.0750000476837158,1.068099993467331,1.0441166619459787,1.025791663924853,0.0208927587317127,0.052889342374558,0.07285436657571309,-0.008302531184941397,-0.008302531184941397,46.15384615384615
2025-08-13,1.0700000524520874,1.069049996137619,1.0448499957720438,1.0263999978701273,0.01807807176308507,0.04288501811144596,0.07321973417164851,-0.012915072948057826,-0.012915072948057826,40.2985924414229
2025-08-14,1.062000036239624,1.0696999967098235,1.0453333298365275,1.0269666646917661,0.012392765621360047,0.02807361479496917,0.06841048027131258,-0.02029516176337809,-0.02029516176337809,38.57149912381238
2025-08-15,1.065000057220459,1.0703000009059906,1.0459166646003724,1.0276083320379257,0.011396091384281437,0.03398066679891576,0.07793530711987762,-0.017527614711174255,-0.017527614711174255,47.619128713695616
2025-08-18,1.0609999895095825,1.0700500011444092,1.0465499977270762,1.0282166654864946,-0.004690427113694828,0.03714563786059055,0.07388665549099649,-0.02121771410466955,-0.02121771410466955,44.77615392553529
2025-08-19,1.059999942779541,1.0688499987125397,1.0472833295663198,1.0288666650652885,-0.0221402664459609,0.04330699699841345,0.07942968430296493,-0.0221402664459609,-0.0221402664459609,41.53845589543356
2025-08-20,1.065999984741211,1.068149995803833,1.0481499950091044,1.0294749985138576,-0.012963016312797171,0.05128197592090045,0.07351461829466488,-0.01660517234155312,-0.01660517234155312,62.26411274904521
2025-08-21,1.0720000267028809,1.0675999999046326,1.049099995692571,1.0300499985615412,-0.010156896164190465,0.05615767666141647,0.06879362340847273,-0.011070078237145342,-0.011070078237145342,66.10167094336573
2025-08-22,1.0709999799728394,1.0672500014305115,1.0499666611353555,1.0306499982873598,-0.006493478488527882,0.051030347244124696,0.0720720382085458,-0.011992630578436692,-0.011992630578436692,60.377328783915395
2025-08-25,1.0770000219345093,1.0677000045776368,1.0508833289146424,1.0313166653116543,0.008427025550636902,0.05381611464714808,0.08024076689956128,-0.006457536474028913,-0.006457536474028913,59.61532289493592
2025-08-26,1.0770000219345093,1.0681500077247619,1.0517833292484284,1.0319916655619938,0.008427025550636902,0.05278594323214025,0.08132533202809533,-0.006457536474028913,-0.006457536474028913,53.33333333333334
2025-08-27,1.0579999685287476,1.0675000071525573,1.052316661675771,1.0324749986330668,-0.012138199521181559,0.03118903014298602,0.05799996852874756,-0.023985261156873383,-0.023985261156873383,34.42627435959571
2025-08-28,1.059000015258789,1.0678000092506408,1.0529333293437957,1.03296666542689,0.0056980456921407185,0.03620358288084535,0.05900001525878906,-0.023062708815582034,-0.023062708815582034,35.48395780017958
2025-08-29,1.059999942779541,1.0681500077247619,1.0535333275794982,1.0334583312273025,0.006647644501361016,0.03515614495336683,0.05894095234284347,-0.0221402664459609,-0.0221402664459609,37.70490201443011
2025-09-01,1.0570000410079956,1.0680000126361846,1.0540666619936625,1.0338833312193552,-0.002830096163664919,0.031219576189450038,0.050695821987121636,-0.024907703526494518,-0.024907703526494518,35.93754947631935
2025-09-02,1.059999942779541,1.0676500082015992,1.0547333280245463,1.034308331211408,-0.006560532788419171,0.03921564960882984,0.05054509602610091,-0.0221402664459609,-0.0221402664459609,41.93541564521866
2025-09-03,1.0509999990463257,1.0665000081062317,1.0551499942938487,1.0346833308537802,-0.021415271775535816,0.024366447953643622,0.04473156581276805,-0.030442797630902296,-0.030442797630902296,41.26982324880838
2025-09-04,1.0509999990463257,1.0652000069618226,1.055566660563151,1.0350333313147226,-0.024141153536359594,0.024366447953643622,0.04162542879607467,-0.030442797630902296,-0.030442797630902296,38.333296908310274
2025-09-05,1.0540000200271606,1.0640500068664551,1.0560999949773153,1.0353249977032344,-0.02135561879194392,0.031311219425936176,0.03434736485481027,-0.027675250578698463,-0.027675250578698463,44.06782400672421
2025-09-08,1.0609999895095825,1.0633500039577484,1.0567666610081992,1.0356416642665862,-0.01302330935175211,0.03917723875565127,0.03714563786059055,-0.02121771410466955,-0.02121771410466955,50.76926744904715
2025-09-09,1.059999942779541,1.0625999987125396,1.057399994134903,1.0359583308299383,-0.013953585338433494,0.03718198558593988,0.03718198558593988,-0.0221402664459609,-0.0221402664459609,44.999960263532245
2025-09-10,1.055999994277954,1.061899995803833,1.0579333265622457,1.03623333076636,-0.01308416587648742,0.031249945430320558,0.03225805699812123,-0.025830255867785867,-0.025830255867785867,36.20683276537496
2025-09-11,1.059999942779541,1.061799991130829,1.0586333254973093,1.0365583300590515,-0.0018833271109528482,0.04125730435009678,0.03819776108380735,-0.0221402664459609,-0.0221402664459609,40.98353927962119
2025-09-12,1.0570000410079956,1.0613999903202056,1.0592666586240134,1.0368749966224036,-0.007511751908579778,0.03729144809681628,0.03729144809681628,-0.024907703526494518,-0.024907703526494518,32.75852146603745
2025-09-15,1.0520000457763672,1.0609499931335449,1.059749992688497,1.0371166636546454,-0.00848251067125394,0.02834803891979365,0.02834803891979365,-0.029520245289610947,-0.029520245289610947,30.15862503524265
2025-09-16,1.0509999990463257,1.0604999959468842,1.06014999349912,1.0373083303372066,-0.008490513414194711,0.02336908451439923,0.02237354277369641,-0.030442797630902296,-0.030442797630902296,42.22218690063684
2025-09-17,1.0549999475479126,1.0599499940872192,1.0605166594187418,1.037541663646698,-0.010318984381569973,0.021297149409285066,0.027263873895833957,-0.026752808209077217,-0.026752808209077217,45.83321950383584
2025-09-18,1.0390000343322754,1.058299994468689,1.060616660118103,1.0376499970753987,-0.030783574205779263,0.005808365930284776,0.012670576173572368,-0.04151287586804764,-0.04151287586804764,33.33327025912148
2025-09-19,1.0440000295639038,1.056949996948242,1.0608333269755046,1.03785833021005,-0.025210038201513574,0.012609128240171463,0.02453383203915016,-0.03690033410493121,-0.03690033410493121,39.99992663996361
2025-09-22,1.0379999876022339,1.0549999952316285,1.0609333276748658,1.038066663344701,-0.03621173030453928,0.005813994455150517,0.0246791469651646,-0.04243542820933899,-0.04243542820933899,33.823495896904575
2025-09-23,1.0410000085830688,1.0531999945640564,1.060999995470047,1.038216663400332,-0.03342619556012372,0.0038573461320663416,0.017595314410713492,-0.039667881157135154,-0.039667881157135154,41.93546526383793
2025-09-24,1.0440000295639038,1.0524999976158143,1.0610333283742268,1.0383666634559632,-0.0132324568821226,0.0019193609833279002,0.017543865764301225,-0.03690033410493121,-0.03690033410493121,44.61539307997315
2025-09-25,1.0410000085830688,1.0515999972820282,1.0609833280245462,1.0384833306074142,-0.016997173197699667,-0.002873583233602095,0.013631994985548568,-0.039667881157135154,-0.039667881157135154,39.99996332011634
2025-09-26,1.0460000038146973,1.050900000333786,1.0609166622161865,1.0391583308577537,-0.013207490302436287,-0.003809474936416035,0.08393785724569836,-0.035055339394018725,-0.035055339394018725,38.095220074137
2025-09-29,1.0470000505447388,1.0504000008106231,1.060816663503647,1.0397083312273026,-0.009460728548052355,-0.00569793248293593,0.06727833224139168,-0.034132787052727376,-0.034132787052727376,39.682599752876634
2025-09-30,1.0499999523162842,1.0499000012874604,1.0607333302497863,1.0402499973773955,-0.00943395377648304,-0.004739332208735791,0.06598978382454623,-0.031365349972193646,-0.031365349972193646,45.161240703567834
2025-10-09,1.0509999990463257,1.0499000012874604,1.060616664091746,1.0407083307703335,0.0,-0.006616228441061356,0.05522089116485018,-0.030442797630902296,-0.030442797630902296,42.3729156016948
2025-10-10,1.0609999895095825,1.0504000008106231,1.0604999979337058,1.0412749975919724,0.00951473879384479,-0.006554278793258206,0.0684793762220679,-0.02121771410466955,-0.02121771410466955,53.03026471693206
2025-10-13,1.0570000410079956,1.050550001859665,1.0604166646798452,1.0417499979337057,0.0028463196620789333,-0.004708093277786096,0.057000041007995605,-0.024907703526494518,-0.024907703526494518,53.846153846153854
2025-10-14,1.0709999799728394,1.0510500013828277,1.0604666650295258,1.0423416644334793,0.009425061792770695,0.0028090085168790413,0.07099997997283936,-0.011992630578436692,-0.011992630578436692,62.82052849566719
2025-10-15,1.0740000009536743,1.0517500042915344,1.0608166654904683,1.0429249982039133,0.013207602764036208,0.019943046713287726,0.06972117135718836,-0.009225083526232858,-0.009225083526232858,62.337712603069726
2025-10-16,1.0779999494552612,1.0528500020503997,1.0612666646639506,1.0435416648785274,0.020833291000488696,0.02568977205845413,0.07370518401332093,-0.005535094104407778,-0.005535094104407778,79.99996332018362
2025-10-17,1.0709999799728394,1.0534000039100646,1.0616333305835723,1.0440916647513707,0.010377394138771256,0.020972311398748777,0.06567162691975881,-0.011992630578436692,-0.011992630578436692,70.14924310898235
2025-10-20,1.0789999961853027,1.05450000166893,1.0620666642983754,1.0447083314259846,0.02081358024955904,0.02469138038700347,0.07363184209430673,-0.004612541763116429,-0.004612541763116429,79.71020001278478
2025-10-21,1.0759999752044678,1.055699998140335,1.0622333308060965,1.0452833314736685,0.0228136201366691,0.009380854227389657,0.0685203652563271,-0.007380088815320263,-0.007380088815320263,75.36233636770426
2025-10-22,1.0779999494552612,1.057049995660782,1.0621333301067353,1.0458999981482824,0.02568977205845413,-0.005535094104407778,0.07370518401332093,-0.004616801003691662,-0.005535094104407778,75.0
2025-10-23,1.0859999656677246,1.0585999965667725,1.062233328819275,1.0465499977270762,0.02938390489199927,0.005555483809226658,0.07738090099278394,0.0,0.0,80.82195807416142
2025-10-27,1.0859999656677246,1.0609499931335449,1.0622833291689555,1.04719999730587,0.0452357360754605,0.0027701026168587273,0.07738090099278394,0.0,0.0,79.41180595486865
2025-10-28,1.0800000429153442,1.062749993801117,1.0623166640599568,1.047799997528394,0.034482770432945564,0.0018553743542322199,0.07142859677068181,-0.005524790922706302,-0.005524790922706302,72.60282249504381
2025-10-29,1.0809999704360962,1.06489999294281,1.0625333309173584,1.0484249969323476,0.04142580283954689,0.012172295827016066,0.07455260968794652,-0.0046040473201619525,-0.0046040473201619525,71.83107814281325
2025-10-30,1.0759999752044678,1.06664999127388,1.0626666645208995,1.0490583300590515,0.03362148543018573,0.007490652171947554,0.07599997520446777,-0.009208094640323794,-0.009208094640323794,66.66671964879208
2025-10-31,1.0759999752044678,1.0682499885559082,1.0627499977747599,1.049683329463005,0.030651288059762694,0.004668529715336822,0.07492499997320468,-0.009208094640323794,-0.009208094640323794,61.53850386148183
2025-11-03,1.0850000381469727,1.0704499900341033,1.0632833321889241,1.0503333300352096,0.04226707896361437,0.03038942607914419,0.07745786596661097,-0.0009207436025443494,-0.0009207436025443494,70.00005108983125
2025-11-04,1.0880000591278076,1.0725499927997588,1.063866666952769,1.0509916643301647,0.04015301640529523,0.03323844892521444,0.07829546065413884,0.0,0.0,64.40687212457595
2025-11-05,1.093999981880188,1.0748999893665314,1.064433334271113,1.0516583303610483,0.044890094619380205,0.03207551031700229,0.07889538374396854,0.0,0.0,66.12906947232412
2025-11-06,1.097000002861023,1.0772499918937684,1.064933333794276,1.0523166636625925,0.04476195493252866,0.028116186040223923,0.07760313916232398,0.0,0.0,65.57384738051687
2025-11-07,1.100000023841858,1.079699993133545,1.065366667509079,1.0529749969641367,0.04662228814461922,0.024208587397668957,0.07737511659683993,0.0,0.0,75.43866987347067
2025-11-10,1.1069999933242798,1.0819999933242799,1.0658666670322419,1.0536416639884314,0.04335532918898477,0.02785512607129248,0.07789683230606714,0.0,0.0,75.00005321855156
2025-11-11,1.1050000190734863,1.0843999922275542,1.0663333336512248,1.054308331012726,0.045411519586807225,0.025998139803826037,0.0780488241718762,-0.001806661484059835,-0.001806661484059835,76.36375852890941
2025-11-12,1.1059999465942383,1.0861499905586243,1.0668499986330668,1.0550333301226298,0.0326797080073582,0.028837113986476037,0.08537771209893497,-0.0009033845854311551,-0.0009033845854311551,75.92602812909094
2025-11-13,1.1059999465942383,1.0877499878406525,1.0673666636149088,1.055741662780444,0.029795107646321428,0.028837113986476037,0.08325163235575883,-0.0009033845854311551,-0.0009033845854311551,71.73922057459171
2025-11-14,1.1030000448226929,1.0889999926090241,1.0679166634877524,1.0563833296298981,0.023191184174048196,0.03084111285320068,0.07504875264793331,-0.00361332296811967,-0.00361332296811967,67.3471373762587
2025-11-17,1.097000002861023,1.0902999937534332,1.0684999962647757,1.0569166630506515,0.024276399042363117,0.03295665294450312,0.06195548011916774,-0.009033415107101539,-0.009033415107101539,67.34697353055664
2025-11-18,1.0809999704360962,1.0903999924659729,1.0687666614850362,1.0573416630427042,0.0018535442612273023,0.0150233918835605,0.04951456355626083,-0.023486922353184947,-0.023486922353184947,50.0
2025-11-19,1.0800000429153442,1.0905999958515167,1.069083329041799,1.0578166633844375,0.003717535132950589,0.017907684819623793,0.05571851505544578,-0.024390199251813627,-0.024390199251813627,53.333399560911154
2025-11-20,1.0809999704360962,1.0907499969005585,1.0694333295027414,1.0583583295345307,0.0027829509475867376,0.019811347915254407,0.0639763148983683,-0.023486922353184947,-0.023486922353184947,54.09837347054834
2025-11-21,1.059999942779541,1.0894499957561492,1.0693333288033804,1.0587416619062424,-0.023941089972500662,-0.005628557267875145,0.04536477511474479,-0.04245713715281907,-0.04245713715281907,32.87658034574095
2025-11-24,1.0549999475479126,1.0878999948501586,1.0690499941507976,1.0590749949216842,-0.028545137292662504,-0.015858282398793278,0.039408829967266135,-0.046973844706369894,-0.046973844706369894,27.999834695768683
2025-11-25,1.0609999895095825,1.0869499921798706,1.0688833276430765,1.059424994389216,-0.017592641343303184,-0.009337059430673755,0.04121681442846459,-0.041553752567388025,-0.041553752567388025,27.99994913724045
2025-11-26,1.055999994277954,1.0856999933719635,1.068533327182134,1.059708328048388,-0.023126713082199823,-0.019498632524477477,0.033268141479270597,-0.04607046012093874,-0.04607046012093874,23.376542951847057
2025-11-27,1.0570000410079956,1.08474999666214,1.0681999941666922,1.0599916617075602,-0.017657931816273176,-0.018570084047528357,0.03323561978226297,-0.045167075535507584,-0.045167075535507584,21.333271874165533
2025-11-28,1.059000015258789,1.0838999986648559,1.0682166616121929,1.060266661643982,-0.015799219644450524,0.0009452237805187558,0.032163734536487354,-0.04336041405144775,-0.04336041405144775,15.714210295963397
2025-12-01,1.065000057220459,1.0828999996185302,1.0683166623115539,1.0606249958276748,-0.018433161496169914,0.0056657619218292155,0.042074465683994866,-0.03794032191246588,-0.03794032191246588,22.97295555741708
2025-12-02,1.0640000104904175,1.0816999971866608,1.0683833301067351,1.0609583288431168,-0.022058867034097096,0.0037736489875532797,0.0390624608917296,-0.038843706497897035,-0.038843706497897035,21.621665160441196
2025-12-03,1.062999963760376,1.0801499962806702,1.068483328819275,1.0612749954064686,-0.02833639728817383,0.0056763694603632064,0.03707315949866041,-0.03974709108332819,-0.03974709108332819,21.3333630031821
2025-12-04,1.0579999685287476,1.0781999945640564,1.068449995915095,1.0615916619698207,-0.03555153530589028,-0.0018867682629766236,0.03725489050275943,-0.044263798636878904,-0.044263798636878904,20.779224800440915
2025-12-05,1.0609999895095825,1.0762499928474427,1.068616662422816,1.0618833283583322,-0.03545457589724765,0.00951473879384479,0.034113027135101115,-0.041553752567388025,-0.041553752567388025,25.675706152800288
2025-12-08,1.055999994277954,1.0736999928951263,1.0686999956766765,1.0621333281199137,-0.04607046012093874,0.004757369396922284,0.029239737544372257,-0.04607046012093874,-0.04607046012093874,30.158775211312374
2025-12-09,1.0460000038146973,1.0707499921321868,1.0685666620731353,1.0623333285252252,-0.05339367804559769,-0.0075901480649470665,0.02348341456945202,-0.05510387522804028,-0.05510387522804028,26.38890958490417
2025-12-10,1.0460000038146973,1.0677499949932099,1.0683166623115539,1.0625416616598764,-0.05424949880359564,-0.014137592689156042,0.02448577422228193,-0.05510387522804028,-0.05510387522804028,25.35221199711883
2025-12-11,1.0360000133514404,1.06424999833107,1.0679166634877524,1.0626583288113276,-0.0632910819375283,-0.022641444078919215,0.013698687659633446,-0.06413729033514182,-0.06413729033514182,30.000119208929547
2025-12-12,1.0369999408721924,1.0609499931335449,1.0675999959309896,1.0627666612466176,-0.05983690051536672,-0.017992474913556378,0.012695206657559188,-0.06323401343651314,-0.06323401343651314,33.92859803773392
2025-12-15,1.0410000085830688,1.0581499934196472,1.0672833303610483,1.0629583279291788,-0.051048308233275996,-0.01792446719067775,0.022593321961219992,-0.05962058278159099,-0.05962058278159099,31.481546891073904
2025-12-16,1.031000018119812,1.055649995803833,1.0668499966462452,1.0630583276351293,-0.04625342616439965,-0.024597939337248298,0.011776215981484262,-0.06865399788869253,-0.06865399788869253,28.81362781328231
2025-12-17,1.034000039100647,1.053349995613098,1.0665499965349834,1.0631499946117402,-0.04259259443224206,-0.01711027176090696,0.01075272450908038,-0.06594395181920165,-0.06594395181920165,31.147573020445336
2025-12-18,1.0429999828338623,1.0514499962329864,1.0664166629314422,1.0632833282152812,-0.035152625940317095,-0.007611813720002414,0.015579389676266153,-0.05781392129753116,-0.05781392129753116,38.23528380543664
2025-12-19,1.0440000295639038,1.0506500005722046,1.066233330965042,1.063374995191892,-0.0150942585654128,-0.010426463062463087,0.010648632405170444,-0.05691053671210011,-0.05691053671210011,33.33333333333333
2025-12-22,1.0410000085830688,1.0499500036239624,1.066266663869222,1.0634416619936624,-0.013270084986623187,0.0019249029689192287,0.007744449440027834,-0.05962058278159099,-0.05962058278159099,32.30770641528812
2025-12-23,1.0390000343322754,1.0488500058650971,1.0661833306153616,1.063508328795433,-0.02073511347297563,-0.004789267327623525,0.007759472426637437,-0.06142724426565083,-0.06142724426565083,31.818231078230212
2025-12-24,1.0420000553131104,1.048150008916855,1.066249998410543,1.0635916630427042,-0.013257518030969528,0.0038536298252918044,0.009690029262878763,-0.05871719819615995,-0.05871719819615995,37.50006984918165
2025-12-25,1.0449999570846558,1.0475500047206878,1.0663166642189026,1.0636583298444748,-0.011352964482287176,0.003842409672053071,0.0077145773082059055,-0.05600725981347143,-0.05600725981347143,37.49995343379217
2025-12-26,1.0509999990463257,1.0471500039100647,1.0664333303769429,1.0637333293755848,-0.007554311706509664,0.006704951421645067,0.008637181627126678,-0.05058716767448945,-0.05058716767448945,46.15384615384615
2025-12-29,1.0470000505447388,1.0462500035762787,1.066533331076304,1.0637583295504252,-0.01690141381090471,0.005763729022285835,0.002873583233602206,-0.05420049064260912,-0.05420049064260912,50.847498722033755
2025-12-30,1.0499999523162842,1.045550000667572,1.066599996884664,1.0637583295504252,-0.013157949282049719,0.0038240425305922088,0.0,-0.05149055225992061,-0.05149055225992061,53.22577543972989
2025-12-31,1.0529999732971191,1.0450500011444093,1.0666999955972036,1.0637583295504252,-0.009407329072601,0.005730584969177999,0.0,-0.04878050619042973,-0.04878050619042973,65.45455727699124
2026-01-05,1.0499999523162842,1.044650000333786,1.0666999955972036,1.0637166629234949,-0.007561452221580112,0.0,-0.004739332208735791,-0.05149055225992061,-0.05149055225992061,61.403534455714734
2026-01-06,1.062999963760376,1.0447499990463256,1.0668999950091045,1.0637583295504252,0.0018849898874342408,0.011417663867687056,0.0047258935542138225,-0.03974709108332819,-0.03974709108332819,66.66666666666666
2026-01-07,1.065000057220459,1.0452000021934509,1.0669666628042858,1.0637333303689958,0.008522786923553571,0.0037700921304677504,-0.0028088968976897055,-0.03794032191246588,-0.03794032191246588,79.31039443908915
2026-01-08,1.062000036239624,1.0460000038146973,1.067049996058146,1.0637333303689958,0.015296398055999694,0.0047303642740261775,0.0,-0.04065036798195687,-0.04065036798195687,74.13794166551911
2026-01-09,1.062999963760376,1.0468500018119813,1.0669166624546051,1.0636916637420655,0.016252351705239976,-0.007469669805844736,-0.0046816436550686236,-0.03974709108332819,-0.03974709108332819,70.0
2026-01-12,1.0670000314712524,1.0484000027179718,1.0667999962965646,1.0638083308935165,0.02992279702731615,-0.006517662454568085,0.01329540221192671,-0.036133660428406045,-0.036133660428406045,71.69812593905479
2026-01-13,1.0640000104904175,1.0497500061988831,1.066566663980484,1.0639166643222173,0.026036712784685445,-0.012986956977055764,0.012369183116924809,-0.038843706497897035,-0.038843706497897035,71.69812593905479
2026-01-14,1.0570000410079956,1.0505500078201293,1.0663333316644033,1.063983331123988,0.015369867716624519,-0.013071838680332015,0.007626326047058596,-0.045167075535507584,-0.045167075535507584,65.51725555402547
2026-01-15,1.0549999475479126,1.0517500042915344,1.0659333308537802,1.0639999975760779,0.023278301654997113,-0.022242862578535583,0.001899310827645273,-0.046973844706369894,-0.046973844706369894,61.40340603700505
2026-01-16,1.0460000038146973,1.052350002527237,1.0654333313306172,1.0638333310683568,0.011605381296201589,-0.027881014945255633,-0.018761708454779202,-0.05510387522804028,-0.05510387522804028,50.793686835716564
2026-01-19,1.0549999475479126,1.0529500007629395,1.0650499979654948,1.063591664036115,0.011505239608390117,-0.021335809819815976,-0.026752808209077217,-0.046973844706369894,-0.046973844706369894,53.03026471693206
2026-01-20,1.0640000104904175,1.0539499998092652,1.064683332045873,1.063458330432574,0.0191570693104941,-0.02025778625488306,-0.014814844249206094,-0.038843706497897035,-0.038843706497897035,61.97178605488321
2026-01-21,1.059999942779541,1.0548999965190888,1.06424999833107,1.0632666637500128,0.018251617713561208,-0.023941089972500662,-0.021237306631625263,-0.04245713715281907,-0.04245713715281907,56.94441225069622
2026-01-22,1.0670000314712524,1.0562999963760376,1.0640333314736685,1.0631749977668126,0.026948985768774802,-0.012037047155109004,-0.010204006029469026,-0.036133660428406045,-0.036133660428406045,59.210524251925776
2026-01-23,1.065999984741211,1.0574999928474427,1.063783331712087,1.0631583313147226,0.02303256060853931,-0.01387602784931985,-0.0018726351381895823,-0.0370370450138372,-0.0370370450138372,60.810780333784386
2026-01-26,1.0720000267028809,1.058849996328354,1.0637166659037272,1.0631916652123132,0.025837388255546045,-0.0037174243436454146,0.0037453818955683893,-0.03161695287485533,-0.03161695287485533,56.716425877161775
2026-01-27,1.065000057220459,1.0595499992370605,1.063533333937327,1.0631416658560435,0.013320702366162562,-0.010222972339677394,-0.005602168874487279,-0.03794032191246588,-0.03794032191246588,50.0
2026-01-28,1.0809999704360962,1.0612499952316283,1.0634666661421457,1.063374999165535,0.03247365639922162,-0.0036866982214194266,0.026590691214648743,-0.023486922353184947,-0.023486922353184947,61.17641118994493
2026-01-29,1.090999960899353,1.0632999956607818,1.063516664505005,1.0636916657288868,0.039047628995242833,0.0027572625078258195,0.03608735856208001,-0.014453507246083408,-0.014453507246083408,64.89358059480223
2026-01-30,1.0820000171661377,1.0647499978542327,1.063316665093104,1.0638749996821086,0.027540403233073718,-0.010968889317005903,0.020754788277542735,-0.022583537767753792,-0.022583537767753792,57.575742980205256
2026-02-02,1.0509999990463257,1.064800000190735,1.062549998362859,1.0637416660785675,0.0009524255004349502,-0.04193254666793733,-0.014995343910969572,-0.05058716767448945,-0.05058716767448945,44.881889024681
2026-02-03,1.0579999685287476,1.0645500004291535,1.0618499974409739,1.0636083324750265,-0.004703664536300556,-0.03818186763889431,-0.01489760932096773,-0.044263798636878904,-0.044263798636878904,50.393671962558926
2026-02-04,1.0850000381469727,1.0655499994754791,1.061483331521352,1.0636749992767969,0.01877932380464986,-0.019873491698262913,0.007428055756297791,-0.018987259910754672,-0.019873491698262913,59.86844633506109
2026-02-05,1.0800000429153442,1.0664499998092651,1.0610666652520497,1.0636999994516372,0.01694915824998966,-0.02262441242227664,0.002785534744415674,-0.02350805147772106,-0.024390199251813627,61.48649029613013
2026-02-06,1.0800000429153442,1.0673000037670135,1.0606333335240683,1.0637416660785675,0.015992549138788448,-0.02350805147772106,0.004651158148692103,-0.02350805147772106,-0.024390199251813627,58.99282858412135
2026-02-09,1.0850000381469727,1.0682000041007995,1.0602833350499472,1.063824999332428,0.016869733968892797,-0.018987259910754672,0.009302316297383983,-0.01631913503558713,-0.019873491698262913,57.77778170236025
2026-02-10,1.0850000381469727,1.0692500054836274,1.0599833349386851,1.0639499992132186,0.01973686790367224,-0.01631913503558713,0.014018677532314339,-0.010938892144716328,-0.019873491698262913,59.54201807612648
2026-02-11,1.0920000076293945,1.0710000038146972,1.0599000016848246,1.0641999989748,0.03311254991818324,-0.004557880782669277,0.0282485596667168,0.0,-0.013550122660652253,59.54198125956063
2026-02-12,1.090000033378601,1.0727500081062318,1.0600500027338664,1.0644083321094513,0.03317543845574367,0.008325682875711893,0.023474154755812382,-0.0018314782388465511,-0.015356784144712088,59.09093782596327
2026-02-13,1.0770000219345093,1.0743000090122223,1.0600000023841858,1.0645416657129922,0.029636728495943565,-0.0027777970940970897,0.015080143810672686,-0.013736250540371753,-0.027100245321304617,51.79856176807331
2026-02-24,1.090999960899353,1.0761000096797944,1.0601666688919067,1.064799999197324,0.03412323710073495,0.009250685232879974,0.029245301691737335,-0.0009157937024308893,-0.014453507246083408,58.904089456086425
2026-02-25,1.0950000286102295,1.077650010585785,1.0607500036557516,1.0650416662295659,0.02913535508850562,0.033018950679290615,0.02720454435659181,0.0,-0.010840076591161374,55.22390449730578
2026-02-26,1.093000054359436,1.0793000161647797,1.061383338769277,1.0652166664600373,0.03113218241631399,0.036019060379903545,0.019589577549866677,-0.0018264604552858943,-0.012646738075221209,50.79368833754035
2026-02-27,1.1009999513626099,1.0810000121593475,1.0620500048001607,1.0654666662216186,0.03186496615607037,0.03770024717108256,0.028011178292021377,0.0,-0.005420092138981869,57.59998092649548
2026-03-02,1.11899995803833,1.0836500108242035,1.063100004196167,1.0658166656891506,0.049718549770885634,0.05965905691453388,0.038997154362523156,0.0,0.0,80.35715996308765
2026-03-03,1.1260000467300415,1.0863500118255616,1.0642500042915344,1.0662249992291133,0.05037315175564583,0.06527909465002946,0.045496772328303514,0.0,0.0,80.35718087031306
2026-03-04,1.1080000400543213,1.0885000109672547,1.06506667137146,1.0666416664918263,0.04037556856671709,0.046270088847504054,0.0472590482163282,-0.015985795673803982,-0.015985795673803982,61.1650575329909
2026-03-05,1.1089999675750732,1.0899000108242034,1.0658000032107036,1.0670583327611287,0.025901940707437232,0.04131446759679003,0.0472143074559499,-0.015097760612299505,-0.015097760612299505,64.64644761827927
2026-03-06,1.1109999418258667,1.0909000098705293,1.0665833353996277,1.0674833327531814,0.01833178885728559,0.04417286736095627,0.048113209244703414,-0.013321584619588434,-0.013321584619588434,65.34651011274148
2026-03-09,1.1109999418258667,1.0923500061035156,1.0673833350340525,1.0679333319266637,0.026802148058816755,0.0451552019773267,0.05108788904717043,-0.013321584619588434,-0.013321584619588434,63.54163950304544
2026-03-10,1.100000023841858,1.0948000073432922,1.0680833359559376,1.0682666659355164,0.04662228814461922,0.03969759599474809,0.03773592756753197,-0.023090605514350493,-0.023090605514350493,57.009355165394915
2026-03-11,1.1150000095367432,1.097650009393692,1.0689833362897236,1.0687999993562698,0.05387527665738956,0.050895401094321,0.06089439633538629,-0.009769126764464175,-0.009769126764464175,60.00002073209163
2026-03-12,1.1269999742507935,1.099750006198883,1.070166669289271,1.0694333324829737,0.038709617167895116,0.06723482988405327,0.07231206020307313,0.0,0.0,64.80000457764544
2026-03-13,1.125,1.102000004053116,1.0714833358923594,1.0700249989827475,0.04166662527455389,0.07552580869712688,0.06736240856144371,-0.0017746000856149191,-0.0017746000856149191,71.052672856502
2026-03-16,1.1130000352859497,1.1036500036716461,1.072600003083547,1.0704583326975505,0.030555547277133055,0.06405356713853494,0.04901041120688676,-0.01242230637507391,-0.01242230637507391,59.821483690642694
2026-03-17,1.1119999885559082,1.1050000011920929,1.0738666693369547,1.0708916664123536,0.024884746045767514,0.07335904847974795,0.04905664960699174,-0.013309659305766108,-0.013309659305766108,57.79816614097791
2026-03-18,1.1039999723434448,1.1059499979019165,1.0749833365281423,1.071291666229566,0.017511459473237734,0.06460948436978753,0.04545452492952995,-0.02040816542399526,-0.02040816542399526,54.78258255518883
2026-03-19,1.0950000286102295,1.1060999989509583,1.0758833368619283,1.0715833336114884,0.0027472719412773294,0.051873217657953274,0.033018950679290615,-0.028393918697147136,-0.028393918697147136,47.41382233882827
2026-03-20,1.093000054359436,1.10625,1.0769166707992555,1.0718833337227502,0.002752312742171137,0.060135824587753905,0.03405866788530054,-0.030168518782762055,-0.030168518782762055,37.00002026562271
2026-03-23,1.065000057220459,1.1056500017642974,1.0774333377679188,1.071991667151451,-0.011142028291230566,0.029980674030510857,0.012357424789366744,-0.05501323730867935,-0.05501323730867935,24.793328991871093
2026-03-24,1.0789999961853027,1.105050003528595,1.078033337990443,1.0722250004609426,-0.010999051461155207,0.03451583311979278,0.026641291307691883,-0.04259093093360555,-0.04259093093360555,37.606779260370224
2026-03-25,1.0829999446868896,1.104449999332428,1.078683336575826,1.072458333770434,-0.010958980465571644,0.03735623948140754,0.02654028296783917,-0.039041730762375715,-0.039041730762375715,39.16662527443052
2026-03-26,1.0829999446868896,1.1039499938488007,1.0793833355108897,1.0728249996900558,-0.009149230718389134,0.040345759613381826,0.0423483242547642,-0.039041730762375715,-0.039041730762375715,38.13556154297658
2026-03-27,1.0839999914169312,1.1030999958515166,1.080133334795634,1.0731583327054977,-0.01544047293066575,0.04331083310654127,0.038314138620988425,-0.038154377831683406,-0.038154377831683406,38.655456292161624
2026-03-30,1.093999981880188,1.1018499970436095,1.0810000002384186,1.0736249993244806,-0.022341355760163273,0.049903957588036896,0.053949898792690076,-0.029281271627839334,-0.029281271627839334,47.457604858898385
2026-03-31,1.0839999914169312,1.099749994277954,1.0816500008106231,1.073983332514763,-0.037300225195443404,0.037320608549188616,0.041306419288497986,-0.038154377831683406,-0.038154377831683406,36.28315316522332
2026-04-01,1.0839999914169312,1.0985499918460846,1.0822000006834667,1.0743166655302048,-0.021660692933019643,0.03139866070461417,0.038314138620988425,-0.038154377831683406,-0.038154377831683406,28.712844409193053
2026-04-02,1.0850000381469727,1.0973499953746795,1.0828333338101706,1.0746833324432372,-0.021641055121560115,0.036294160236633344,0.04226707896361437,-0.03726702490099121,-0.03726702490099121,30.0
2026-04-03,1.069000005722046,1.0952499985694886,1.0831500013669333,1.0748749991257986,-0.037803724845202225,0.01809528977963093,0.021988529467943607,-0.051464037137449625,-0.051464037137449625,28.846134007324494
2026-04-07,1.0729999542236328,1.093349999189377,1.083483334382375,1.0750916649897893,-0.03420341097388635,0.01899333469486275,0.02483276258235767,-0.04791483696621979,-0.04791483696621979,31.775663450611646
2026-04-08,1.0809999704360962,1.0923999965190887,1.0840000013510387,1.075349998474121,-0.017272775449042377,0.029523828121540863,0.029523828121540863,-0.040816330847990634,-0.040816330847990634,39.25232291272087
2026-04-09,1.0750000476837158,1.0903999984264374,1.084200002749761,1.0755499988794326,-0.03587440494251337,0.011288884602488114,0.022835441160007353,-0.04614013110483528,-0.04614013110483528,40.38461097598159
2026-04-10,1.0779999494552612,1.0879499971866609,1.084416667620341,1.0756916652123134,-0.04347828386429775,0.012206470926143131,0.016022582576590283,-0.04347828386429775,-0.04347828386429775,42.857077981203496
2026-04-13,1.0759999752044678,1.085499995946884,1.0846499999364216,1.075849997997284,-0.04355557759602868,0.013182616277882087,0.01797533912898719,-0.04525288394991267,-0.04525288394991267,56.96199475477518
2026-04-14,1.0729999542236328,1.0834999918937682,1.0848166664441428,1.075866664449374,-0.03593897555631265,0.009407329072601112,0.00186738962482913,-0.04791483696621979,-0.04791483696621979,45.58819404513134
2026-04-15,1.0789999961853027,1.081849992275238,1.0850166658560434,1.075908331076304,-0.029676252437251138,0.011246452071331126,0.004655489038350558,-0.04259093093360555,-0.04259093093360555,47.14289120268664
2026-04-16,1.0820000171661377,1.0807499945163728,1.0853166659673055,1.0759416649738947,-0.019927496130827005,0.016917299340461156,0.0037106381247029585,-0.039928977917298325,-0.039928977917298325,49.315117706999715
2026-04-17,1.0759999752044678,1.0797999918460846,1.0856333315372466,1.075983331600825,-0.017351646492536177,0.01797533912898719,0.004668529715336822,-0.04525288394991267,-0.04525288394991267,44.87178115605576
2026-04-20,1.0770000219345093,1.0789999902248382,1.08599999944369,1.075966665148735,-0.014638638270062843,0.020853152114111984,-0.0018535442612271913,-0.04436553101922036,-0.04436553101922036,37.68118946673716
2026-04-21,1.0850000381469727,1.079999989271164,1.0866500000158945,1.0760416656732559,0.01877932380464986,0.0372849275239433,0.008364370957159695,-0.03726702490099121,-0.03726702490099121,50.74630317932804
2026-04-22,1.0850000381469727,1.0802999913692475,1.0871500015258788,1.0760999997456868,0.005560743264951373,0.028436106247007764,0.006493589072289696,-0.03726702490099121,-0.03726702490099121,50.74630317932804
2026-04-23,1.090000033378601,1.080649995803833,1.087583335240682,1.0761333336432775,0.006463609463743136,0.02443611149608893,0.003683303717617603,-0.03283047179906917,-0.03283047179906917,53.52112439576823
2026-04-24,1.0889999866485596,1.0809499979019166,1.0880666693051657,1.0761583338181178,0.0055402052337174545,0.027358533428760712,0.0027624503459264815,-0.03371782472976137,-0.03371782472976137,67.85712765187478
2026-04-27,1.0889999866485596,1.0811999976634978,1.0884333352247875,1.076233333349228,0.004612541763116429,0.020618514084739248,0.008333280903323859,-0.03371782472976137,-0.03371782472976137,65.38463301911014
2026-04-28,1.1009999513626099,1.081549996137619,1.0890166680018107,1.076399999856949,0.0063985096877163805,0.03283298979586369,0.018501370465759948,-0.02307011844030238,-0.02307011844030238,67.85712765187478
2026-04-29,1.1100000143051147,1.0828499972820282,1.0896500011285146,1.076683333516121,0.023985261156873383,0.035447748745967234,0.03159855007820611,-0.015084259391381027,-0.015084259391381027,79.66092106140476
2026-04-30,1.1069999933242798,1.0839999973773957,1.0903500000635782,1.0769416670004526,0.02121771410466944,0.039436557603044875,0.028810426425819546,-0.017746212407688144,-0.017746212407688144,74.57620269533065
2026-05-06,1.1100000143051147,1.0852499961853028,1.0908333341280618,1.0771500001351038,0.023041451870212448,0.02682705334147184,0.023041451870212448,-0.015084259391381027,-0.015084259391381027,78.33322405869836
2026-05-07,1.093999981880188,1.08649999499321,1.0908833344777424,1.0771999994913737,0.023386319947918066,0.0027497901818089865,0.005514634583007494,-0.029281271627839334,-0.029281271627839334,64.38351914117422
2026-05-08,1.090999960899353,1.087399995326996,1.0910333335399627,1.0771749993165334,0.01677540302296099,0.008317877625166004,-0.002742249570862887,-0.03194322464414656,-0.03194322464414656,58.5713677506152
2026-05-11,1.097000002861023,1.088199996948242,1.0918000002702077,1.0771749993165334,0.014801140483354569,0.043767843821538976,0.0,-0.026619318611532217,-0.026619318611532217,60.273918915167435
2026-05-12,1.093999981880188,1.0891499936580658,1.0924000004927317,1.0771249989668528,0.017674356608086583,0.03402647866001551,-0.005454583483293196,-0.029281271627839334,-0.029281271627839334,62.85709420049216
2026-05-13,1.090999960899353,1.0897999942302703,1.0924999992052713,1.0769916653633118,0.012059380383701246,0.0055298825266654195,-0.014453507246083408,-0.03194322464414656,-0.03194322464414656,59.72214403740509
2026-05-14,1.0809999704360962,1.0900499939918518,1.0925166646639506,1.0767916649580003,0.004646835824209328,0.0009258587787206451,-0.021719500654410417,-0.040816330847990634,-0.040816330847990634,47.29726028941989
2026-05-15,1.0779999494552612,1.0902999937534332,1.0924833297729493,1.0765583316485088,0.0046598280008745,-0.0018519383153763336,-0.025316454331845928,-0.04347828386429775,-0.04347828386429775,45.45450323179936
2026-05-18,1.0740000009536743,1.0900499939918518,1.0922999958197275,1.0762916654348373,-0.004633915893702878,-0.010138282771017137,-0.028933044471749714,-0.04702748403552759,-0.04702748403552759,39.473692465994084
2026-05-19,1.0709999799728394,1.0894999921321868,1.0920666615168253,1.0760249982277552,-0.010166392808484859,-0.012903278969504384,-0.02901184365318632,-0.049689437051834706,-0.049689437051834706,38.461561974162215
2026-05-20,1.069000005722046,1.0891499936580658,1.0916833281517029,1.0757916649182637,-0.0065055479960319795,-0.021062272661773074,-0.025524154116637998,-0.051464037137449625,-0.051464037137449625,37.50003725282749
2026-05-21,1.0529999732971191,1.0879499912261963,1.0910666604836783,1.0755583316087722,-0.02228416726889304,-0.03394500820958257,-0.02590194070743712,-0.06566104937390793,-0.06566104937390793,21.42866265992096
2026-05-22,1.0490000247955322,1.0861499905586243,1.0905999938646953,1.0752999981244404,-0.033179734641229475,-0.025998139803826037,-0.028703719340724132,-0.06921024954513777,-0.06921024954513777,11.392468096471859
2026-05-25,1.0549999475479126,1.0846499860286714,1.0899999936421711,1.075083331267039,-0.027649852114563944,-0.03299726364954614,-0.024051825716234432,-0.06388644928829301,-0.06388644928829301,18.292661652124096
2026-05-26,1.055999994277954,1.082949984073639,1.0893499930699666,1.0750499983628592,-0.031192695467411435,-0.035616468779251176,-0.003773536525953247,-0.06299909635760081,-0.06299909635760081,16.25000558793245
2026-05-27,1.0460000038146973,1.0807999849319458,1.0885666588942209,1.074974998831749,-0.039485751479388376,-0.04300095901850953,-0.008530752777887285,-0.07187220256144489,-0.07187220256144489,17.56758280615442
2026-05-28,1.0449999570846558,1.0785999834537505,1.0876333256562551,1.074841665228208,-0.040404068047159125,-0.05086284900253435,-0.015080143810672686,-0.07275955549213708,-0.07275955549213708,18.0555647537998
2026-05-29,1.0579999685287476,1.0764499843120574,1.0866166591644286,1.0748583316802978,-0.03905539031191152,-0.05451295066759332,0.0018939150204835276,-0.061224496271985895,-0.061224496271985895,25.31643277501132
2026-06-01,1.0829999446868896,1.0750999808311463,1.0858999907970428,1.0750749975442886,-0.02432438672996573,-0.03818836612665,0.024597826556467917,-0.039041730762375715,-0.039041730762375715,44.55443441066321
2026-06-02,1.0800000429153442,1.0737499833106994,1.0854333241780598,1.0752499977747598,-0.024390199251813627,-0.025270754627052416,0.019830054158614274,-0.041703578002913244,-0.041703578002913244,44.554486997903794
2026-06-03,1.0800000429153442,1.072249984741211,1.0849499921003978,1.0753749976555507,-0.027027000903735332,-0.02614961722960185,0.01408449285348734,-0.041703578002913244,-0.041703578002913244,49.4505883185173
2026-06-04,1.0770000219345093,1.071399986743927,1.0843833267688752,1.0754833310842513,-0.015539268946295537,-0.0306029898034742,0.012218055748044465,-0.04436553101922036,-0.04436553101922036,49.4505883185173
2026-06-05,1.0770000219345093,1.0706999897956848,1.0838166614373526,1.0755999982357025,-0.012832208493667618,-0.0306029898034742,0.01317032798816653,-0.04436553101922036,-0.04436553101922036,51.72415210575932
2026-06-08,1.0670000314712524,1.0691999912261962,1.083266661564509,1.0756749987602234,-0.027347284696015772,-0.029999992413954457,0.008506676002098867,-0.053238637223064544,-0.053238637223064544,47.87236470994054
2026-06-09,1.065999984741211,1.0677999913692475,1.0824499944845836,1.0757166653871537,-0.025594147717310944,-0.043946210203074876,0.004712530896385347,-0.05412599015375674,-0.05412599015375674,48.38708436947215
2026-06-10,1.059999942779541,1.0662499904632567,1.081333327293396,1.0757499982913334,-0.02841431643522474,-0.059449896186370976,0.003787830040966833,-0.057777828640408035,-0.059449896186370976,54.21685189600346
2026-06-11,1.0570000410079956,1.0650499939918519,1.0801999946435292,1.0758416652679443,-0.022201600448165215,-0.060444407992892746,0.010516287909351663,-0.050314458672561235,-0.06211174342690862,54.87806473653987
2026-06-12,1.0709999799728394,1.0646999955177308,1.079499993721644,1.0760499984025955,-0.006493478488527882,-0.03773589755755913,0.02390055073323971,-0.036870511695160424,-0.049689437051834706,58.88891537986739
2026-06-15,1.062999963760376,1.0641499936580658,1.0786833266417186,1.0762749979893367,-0.010242120282617062,-0.04406477095306971,0.026061727858083028,-0.04234238733245588,-0.05678794317006386,53.60823601992887
2026-06-16,1.0420000553131104,1.0626999974250793,1.077649994691213,1.0763166656096776,-0.027077427826342704,-0.05615934654303312,0.004821711404064732,-0.06126122352761765,-0.07542140273267472,48.14816858873603
2026-06-17,1.0290000438690186,1.060699999332428,1.0765499949455262,1.076216665903727,-0.037418111916668995,-0.06027395709293082,-0.01152734353036533,-0.07297294539838728,-0.08695646195282591,43.33335651296255
2026-06-18,1.0099999904632568,1.0585500001907349,1.0751666605472565,1.0760416656732559,-0.04083569223579575,-0.07593784059308417,-0.0203686006668089,-0.09009011040820591,-0.10381542720559134,30.952360678661407
2026-06-22,1.0210000276565552,1.057150000333786,1.0744333267211914,1.0759333322445552,-0.026692084344263733,-0.041314579530389306,-0.012572544441486588,-0.08018016711853426,-0.09405496807105507,22.3214333230799
2026-06-23,1.0169999599456787,1.0552500009536743,1.0733999927838644,1.0757166653871537,-0.03601894738531075,-0.057460645466931415,-0.024928114397030687,-0.08378383167648529,-0.0976042740180545,22.123865797810566
2026-06-24,1.0019999742507935,1.0525499999523162,1.0720499932765961,1.075366664926211,-0.0511363828785657,-0.07479222028909194,-0.040229936900149754,-0.09729733212835301,-0.1109139333238206,19.53122817213074
2026-06-25,0.9909999966621399,1.0497999995946885,1.070516660809517,1.0749499981602033,-0.05258126859653511,-0.08494917148989167,-0.048030750728797034,-0.10720722172014707,-0.12067433957047213,18.3823384396115
2026-06-26,0.9729999899864197,1.0462000012397765,1.068666660785675,1.0743999977906544,-0.0688994928756761,-0.10239852611568734,-0.06352265848409844,-0.12342344374153924,-0.13664595189254536,16.233752410795248
2026-06-29,0.9760000109672546,1.042100003361702,1.0666999946037927,1.0738499974211058,-0.07750468809136346,-0.10786103552774684,-0.06333977048208828,-0.12072072217201468,-0.13398399887623824,19.047615185964446
2026-06-30,0.9620000123977661,1.0360500067472458,1.0646666616201401,1.0731583312153816,-0.11172662831862501,-0.11254610699737644,-0.07942578765117192,-0.1333333333333333,-0.1464063581391969,17.500001862645547
2026-07-01,0.9779999852180481,1.030950003862381,1.0628999948501587,1.0725499977668127,-0.0944444941149798,-0.09778598435257091,-0.06945767259230984,-0.1189189435909167,-0.13220939879062332,25.882350878730776
2026-07-02,0.9860000014305115,1.0262500017881393,1.0612499942382176,1.072041664024194,-0.08703707199037669,-0.09124427026338111,-0.05826174419236163,-0.11171172187076961,-0.12511089267239417,29.714275788288404
2026-07-03,0.996999979019165,1.0222499996423722,1.0600499937931696,1.0715999975800514,-0.07428044687654511,-0.06735269066182004,-0.050476167337152766,-0.10180183227897555,-0.11535048642574264,28.488378137299947
2026-07-06,1.0149999856948853,1.0191499978303908,1.0590833276510239,1.0712833310166994,-0.05756734909648331,-0.05405402702995765,-0.03608735856208012,-0.08558561025758338,-0.0993788741036693,36.81319581038392
2026-07-07,1.0019999742507935,1.015899994969368,1.0577666610479355,1.070883331199487,-0.06091851481094379,-0.07308047950587138,-0.04571426690030178,-0.09729733212835301,-0.1109139333238206,38.505733345482625
2026-07-08,1.0080000162124634,1.0129999965429306,1.056649993856748,1.0704249983032545,-0.05440897688458035,-0.06232560790635899,-0.05174030989930567,-0.0918918889893039,-0.10559002729120626,43.71257314053332
2026-07-09,0.9959999918937683,1.009799998998642,1.0552833278973897,1.0698499977588654,-0.06037731541565128,-0.07606675455126821,-0.06478879025300133,-0.10270272156952454,-0.1162377864685501,45.6250044237782
2026-07-10,0.9959999918937683,1.0067499965429305,1.0539499948422113,1.0692999973893165,-0.057710545645821676,-0.074349428582001,-0.06214693229159529,-0.10270272156952454,-0.1162377864685501,41.610732348537304
2026-07-13,0.9990000128746033,1.0031499981880188,1.0527166624863942,1.0687666644652685,-0.06722686129280975,-0.06896546552284999,-0.06020691727906746,-0.09999999999999998,-0.11357583345224298,43.918939327732375
2026-07-14,1.0140000581741333,1.0007000029087068,1.0516333301862082,1.0683249980211258,-0.046095867598061724,-0.06024090661813741,-0.04967195101582067,-0.08648644585025489,-0.10026612125859202,54.05407908885514
2026-07-15,1.027999997138977,1.0,1.0507333298524222,1.0680249979098637,-0.013435755691900031,-0.04990759627582253,-0.03383459868092231,-0.07387388838681375,-0.08784381488351811,62.25164909383227
2026-07-16,1.0169999599456787,0.999399995803833,1.0497499962647756,1.0676916639010112,-0.011661888641150808,-0.05483272919925253,-0.0378430269729898,-0.08378383167648529,-0.0976042740180545,65.27775535706672
2026-07-17,1.0140000581741333,0.9995999991893768,1.0486999968687694,1.0673499981562296,0.003960463117471669,-0.05849578688700052,-0.03886245631487795,-0.08648644585025489,-0.10026612125859202,63.19446140371428
2026-07-20,1.0429999828338623,1.0006999969482422,1.0479999959468842,1.0673249979813895,0.021547457964131933,-0.03870972703820408,-0.0028680888813519267,-0.060360387934946136,-0.074534155577752,75.47170164973744
2026-07-21,1.034999966621399,1.0015999972820282,1.0471666614214579,1.0671583314736683,0.017699122305453896,-0.04608301361073386,-0.018957328834943277,-0.06756760965509312,-0.08163266169598116,68.8741706169556
2026-07-22,1.0440000295639038,1.0037000000476837,1.046399994691213,1.0669916649659474,0.04191622394453076,-0.04220183706977887,-0.018796974369666875,-0.05945944494651956,-0.0736468026470598,69.0789553659274
2026-07-23,1.0540000200271606,1.0068500012159347,1.0458166619141898,1.0669416656096777,0.06357217313543462,-0.03213954733747304,-0.005660304788929871,-0.050450444645274484,-0.06477369644321573,68.87418290333787
2026-07-24,1.0360000133514404,1.0100000023841857,1.0449333290259044,1.066683332125346,0.0647482261185841,-0.04866847929009499,-0.029053436931081533,-0.06666666666666665,-0.08074530876528896,56.953650487889604
2026-07-27,1.0410000085830688,1.0132500022649764,1.0439333299795786,1.0664749989906948,0.06659835746456255,-0.05449586324257727,-0.02345213556847403,-0.062162166516044115,-0.07630875566336692,63.63637500406395
2026-07-28,1.0429999828338623,1.0173000007867814,1.042816662788391,1.066233331958453,0.08419955238275456,-0.060360387934946136,-0.027052279054705974,-0.060360387934946136,-0.074534155577752,62.5899215791207
2026-07-29,1.0570000410079956,1.0212500035762786,1.0419833302497863,1.0661666651566823,0.08077715438035948,-0.045167075535507584,-0.007511751908579778,-0.04774772307575004,-0.06211174342690862,71.6312272598725
2026-07-30,1.0679999589920044,1.0253500014543533,1.0412833293279011,1.0660583317279815,0.08316425704110086,-0.03783788718183334,-0.012025912858117271,-0.026435773740551727,-0.05235139006814182,73.68421671793847
2026-07-31,1.069000005722046,1.0289500027894973,1.0408666630585988,1.0658749987681706,0.07221667825280553,-0.022851898146448058,-0.02016494588979789,-0.025524154116637998,-0.051464037137449625,73.33334392972051
2026-08-03,1.0640000104904175,1.031400004029274,1.0404166638851167,1.0657249987125397,0.04827588717844766,-0.02474789310411929,-0.016635865425274177,-0.030082034899307275,-0.05590059023937166,67.85714285714286
2026-08-04,1.0490000247955322,1.0337500065565108,1.0396166642506917,1.0657083322604497,0.04690623927398918,-0.043755677247315106,-0.0019029250738422654,-0.04113341666360648,-0.06921024954513777,57.4468229013868
2026-08-05,1.0460000038146973,1.0356500059366227,1.0388166646162669,1.0656083325544994,0.03769839979270828,-0.04387566623446937,-0.011342121995275067,-0.04124652492889236,-0.07187220256144489,60.90228057406936
2026-08-06,1.059000015258789,1.0388000071048737,1.0382833321889242,1.0653916656970979,0.06325303602185195,-0.029330840318440687,-0.023963153893144518,-0.022160600788432405,-0.0603371433412937,65.73424999437299
2026-08-07,1.0549999475479126,1.041750004887581,1.0378499984741212,1.0651833315690358,0.05923690374932966,-0.024051825716234432,-0.023148235531497363,-0.025854107635316814,-0.06388644928829301,55.08472435917511
2026-08-10,1.0679999589920044,1.0452000021934509,1.0376833319664,1.0650833308696748,0.0690690142424073,-0.00927642943611462,-0.011111188376388359,-0.013850403011074874,-0.05235139006814182,63.41461523551075
2026-08-12,1.059999942779541,1.0474999964237213,1.0374499976634979,1.0648749967416127,0.04536477511474479,-0.013035435904750203,-0.02304156174052152,-0.021237306631625263,-0.059449896186370976,56.55733620217097
